WSI_ID,target,prob_pos,pred
validation_data_01_nonMSIH,0,0.49429548,0
validation_data_02_MSIH,1,0.51244056,1
validation_data_03_nonMSIH,0,0.48409337,0
validation_data_04_MSIH,1,0.51132494,1
validation_data_05_nonMSIH,0,0.5043892,1
validation_data_06_nonMSIH,0,0.51749253,1
validation_data_07_nonMSIH,0,0.46148524,0
validation_data_08_nonMSIH,0,0.47089818,0
validation_data_09_nonMSIH,0,0.47379804,0
validation_data_10_nonMSIH,0,0.4961247,0
validation_data_11_MSIH,1,0.5208562,1
validation_data_12_nonMSIH,0,0.50591475,1
validation_data_13_nonMSIH,0,0.5031936,1
validation_data_14_nonMSIH,0,0.5028533,1
validation_data_15_MSIH,1,0.4825854,0
validation_data_16_nonMSIH,0,0.50146043,1
validation_data_17_nonMSIH,0,0.48155957,0
validation_data_18_nonMSIH,0,0.5075235,1
validation_data_19_nonMSIH,0,0.49995863,0
validation_data_20_nonMSIH,0,0.4675833,0
validation_data_21_nonMSIH,0,0.48235044,0
validation_data_22_nonMSIH,0,0.49066508,0
validation_data_23_nonMSIH,0,0.4782968,0
validation_data_24_nonMSIH,0,0.48556042,0
validation_data_25_nonMSIH,0,0.49722883,0
validation_data_26_nonMSIH,0,0.47930628,0
validation_data_27_MSIH,1,0.5230836,1
validation_data_28_MSIH,1,0.50827426,1
validation_data_29_MSIH,1,0.48107433,0
validation_data_30_nonMSIH,0,0.49015075,0
validation_data_31_nonMSIH,0,0.50610775,1
