Experiment,Method,Model,Classifier,Variant,N_test,BalAcc,AUROC,Acc,MacroF1,Threshold,BalAcc_sd,AUROC_sd,ConfMatrix,Threshold_scheme,d_BalAcc_vs_legacy,d_AUROC_vs_legacy,BalAcc_frozen_prev,AUROC_frozen_prev,Threshold_frozen_prev,Status,BalAcc_frozen,BalAcc_corrected,AUROC_corrected,Threshold_corrected,Status_frozen,Status_corrected,N_pos_pred_corrected,Corrected_scheme
SurGen-EV,Caption_based_aggregation_15_classes,H-Optimus-1,lin,tcga_full,622,0.5297746144721234,0.7401838671411626,0.9035369774919614,0.5333133253301321,0.048111478869424476,0.0,0.0,"[[558, 4], [56, 4]]",frozen_tau_TCGA,-0.055063760379596705,-0.021352313167259607,,,,,,,,,,,,
SurGen-EV,Caption_based_aggregation_15_classes,H-Optimus-1,lin,fold_ensemble,622,0.6688612099644129,0.7460260972716489,0.8858520900321544,0.670125116713352,0.048111478869424476,,,"[[527, 35], [36, 24]]",frozen_tau_TCGA,,,,,,,,,,,,,,
SurGen-EV,Caption_based_aggregation_15_classes,H-Optimus-1,lin,fold_average,622,0.5848383748517201,0.7615361803084222,0.8786173633440515,0.5857802506722573,0.048111478869424476,0.045081872596902696,0.027448866155183282,"[[533, 29], [47, 13]]",frozen_tau_TCGA,,,,,,,,,,,,,,
SurGen-EV,Caption_based_aggregation_15_classes,H-Optimus-1,ann,tcga_full,622,0.6059845788849348,0.8024021352313166,0.37138263665594856,0.3279004846835092,0.32805055379867554,0.07656914963921038,0.011900413575587432,"[[177, 385], [6, 54]]",frozen_tau_TCGA,-0.041909845788849265,0.016666666666666607,,,,,,,,,,,,
SurGen-EV,Caption_based_aggregation_15_classes,H-Optimus-1,ann,fold_ensemble,622,0.6816429418742586,0.8148576512455515,0.4919614147909968,0.43595394699082846,0.32805055379867554,,,"[[251, 311], [5, 55]]",frozen_tau_TCGA,,,,,,,,,,,,,,
SurGen-EV,Caption_based_aggregation_15_classes,H-Optimus-1,ann,fold_average,622,0.6478944246737841,0.78573546856465,0.5385852090032155,0.44869881103618614,0.32805055379867554,0.04595721306218144,0.024744570007834983,"[[288, 274], [13, 47]]",frozen_tau_TCGA,,,,,,,,,,,,,,
SurGen-EV,Caption_based_aggregation_15_classes,H-Optimus-1,knn,tcga_full,622,0.6022241992882562,0.7562129300118623,0.3215434083601286,0.30832068471203306,0.15,,,"[[143, 419], [3, 57]]",refit_tau_k20,-0.011187722419928825,0.13775207591933558,0.6330664294187426,0.6412663107947805,0.3333333333333333,ok,0.6022241992882562,0.6022241992882562,0.7562129300118623,0.15,ok,ok,476.0,refit_tau_k20
SurGen-EV,Caption_based_aggregation_15_classes,H-Optimus-1,knn,fold_ensemble,622,0.595729537366548,0.683896797153025,0.8344051446945338,0.5828900680360689,0.3333333333333333,,,"[[501, 61], [42, 18]]",frozen_tau_TCGA,,,,,,,,,,,,,,
SurGen-EV,Caption_based_aggregation_15_classes,H-Optimus-1,knn,fold_average,622,0.613411921708185,0.6184608540925267,0.6141479099678456,0.4857193237979155,0.3333333333333333,0.020475484375212728,0.02122955467063292,"[[345, 217], [23, 37]]",frozen_tau_TCGA,,,,,,,,,,,,,,
SurGen-EV,Caption_based_aggregation_15_classes,H-Optimus-1,proto,tcga_full,622,0.6746144721233689,0.7402728351126928,0.842443729903537,0.6368640533778149,0.4981093108654022,0.0,0.0,"[[496, 66], [32, 28]]",frozen_tau_TCGA,0.06132858837485178,0.010364768683274184,,,,,,,,,,,,
SurGen-EV,Caption_based_aggregation_15_classes,H-Optimus-1,proto,fold_ensemble,622,0.6551897983392645,0.7417556346381969,0.8745980707395499,0.6506624423963134,0.4981093108654022,,,"[[521, 41], [37, 23]]",frozen_tau_TCGA,,,,,,,,,,,,,,
SurGen-EV,Caption_based_aggregation_15_classes,H-Optimus-1,proto,fold_average,622,0.6132858837485171,0.7299080664294186,0.7383440514469453,0.5294624374002568,0.4981093108654022,0.08076181925039562,0.05009682689481819,"[[432, 130], [32, 28]]",frozen_tau_TCGA,,,,,,,,,,,,,,
SurGen-EV,Caption_based_aggregation_15_classes,H-Optimus-1,rf,tcga_full,622,0.7212336892052194,0.7235438908659548,0.7652733118971061,0.6052819166507293,0.14290709836285106,,,"[[436, 126], [20, 40]]",quantile_rate_matched,0.08030100830367726,0.023536476868327272,0.6201660735468565,0.7235438908659548,0.15701827607875998,ok,0.7212336892052194,0.7212336892052194,0.7235438908659548,0.14290709836285106,ok,ok,166.0,quantile_rate_matched
SurGen-EV,Caption_based_aggregation_15_classes,H-Optimus-1,rf,fold_ensemble,622,0.6633748517200474,0.7365658362989325,0.8086816720257235,0.6080779841045436,0.15701827607875998,,,"[[474, 88], [31, 29]]",frozen_tau_TCGA,,,,,,,,,,,,,,
SurGen-EV,Caption_based_aggregation_15_classes,H-Optimus-1,rf,fold_average,622,0.6409326809015421,0.7000074139976276,0.7580385852090032,0.5732780272937046,0.15701827607875998,0.041445402589152844,0.04368359426158991,"[[442, 120], [30, 30]]",frozen_tau_TCGA,,,,,,,,,,,,,,
