case_key,wsi_ids,published_label,local_label_desc,source_case_id,source_MMR_raw,source_MSI_raw,drop_trigger_category
SR1482_T008,SR1482_40X_HE_T008_01,0.0,-1,8,No Loss,Not performed,MSI_not_performed_MMR_has_value
SR1482_T012,SR1482_40X_HE_T012_01,0.0,-1,12,No Loss,Not performed,MSI_not_performed_MMR_has_value
SR1482_T013,SR1482_40X_HE_T013_01,0.0,-1,13,No loss,Not performed,MSI_not_performed_MMR_has_value
SR1482_T014,SR1482_40X_HE_T014_01,0.0,-1,14,No Loss,Not performed,MSI_not_performed_MMR_has_value
SR1482_T016,SR1482_40X_HE_T016_01;SR1482_40X_HE_T016_02,0.0,-1,16,No Loss,Not performed,MSI_not_performed_MMR_has_value
SR1482_T017,SR1482_40X_HE_T017_01;SR1482_40X_HE_T017_02,0.0,-1,17,No loss,Not performed,MSI_not_performed_MMR_has_value
SR1482_T018,SR1482_40X_HE_T018_01,0.0,-1,18,No loss,Not performed,MSI_not_performed_MMR_has_value
SR1482_T019,SR1482_40X_HE_T019_01,0.0,-1,19,No Loss,Not performed,MSI_not_performed_MMR_has_value
SR1482_T020,SR1482_40X_HE_T020_01,1.0,-1,20,The tumour cells show positive nuclear staining for MSH2 and MSH6 but there is partial loss of nuclear staining for MLH1 and PMS2.  Areas of tumour with similar morphology show a different pattern of staining which is difficult to explain,Not performed,MSI_not_performed_MMR_has_value
SR1482_T022,SR1482_40X_HE_T022_01,0.0,-1,22,No Loss,Not performed,MSI_not_performed_MMR_has_value
SR1482_T023,SR1482_40X_HE_T023_01,0.0,-1,23,No loss,Not performed,MSI_not_performed_MMR_has_value
SR1482_T024,SR1482_40X_HE_T024_01;SR1482_40X_HE_T024_02,0.0,-1,24,No loss,Not performed,MSI_not_performed_MMR_has_value
SR1482_T026,SR1482_40X_HE_T026_01;SR1482_40X_HE_T026_02,0.0,-1,26,No Loss,Not performed,MSI_not_performed_MMR_has_value
SR1482_T027,SR1482_40X_HE_T027_01,0.0,-1,27,No loss,Not performed,MSI_not_performed_MMR_has_value
SR1482_T030,SR1482_40X_HE_T030_01,0.0,-1,30,No Loss,Not performed,MSI_not_performed_MMR_has_value
SR1482_T031,SR1482_40X_HE_T031_01,0.0,-1,31,No Loss,Not performed,MSI_not_performed_MMR_has_value
SR1482_T033,SR1482_40X_HE_T033_01,0.0,-1,33,No loss,Not performed,MSI_not_performed_MMR_has_value
SR1482_T034,SR1482_40X_HE_T034_01,0.0,-1,34,No Loss,Not performed,MSI_not_performed_MMR_has_value
SR1482_T035,SR1482_40X_HE_T035_01,0.0,-1,35,No loss,Not performed,MSI_not_performed_MMR_has_value
SR1482_T036,SR1482_40X_HE_T036_01;SR1482_40X_HE_T036_02,0.0,-1,36,No loss,Not performed,MSI_not_performed_MMR_has_value
SR1482_T037,SR1482_40X_HE_T037_01;SR1482_40X_HE_T037_02,0.0,-1,37,No loss,Not performed,MSI_not_performed_MMR_has_value
SR1482_T038,SR1482_40X_HE_T038_01,0.0,-1,38,No Loss,Not performed,MSI_not_performed_MMR_has_value
SR1482_T039,SR1482_40X_HE_T039_01,0.0,-1,39,No Loss,Not performed,MSI_not_performed_MMR_has_value
SR1482_T040,SR1482_40X_HE_T040_01;SR1482_40X_HE_T040_02,0.0,-1,40,No loss,Not performed,MSI_not_performed_MMR_has_value
SR1482_T041,SR1482_40X_HE_T041_01,0.0,-1,41,No Loss,Not performed,MSI_not_performed_MMR_has_value
SR1482_T042,SR1482_40X_HE_T042_01,0.0,-1,42,No Loss,Not performed,MSI_not_performed_MMR_has_value
SR1482_T044,SR1482_40X_HE_T044_01;SR1482_40X_HE_T044_02,0.0,-1,44,No Loss,Not performed,MSI_not_performed_MMR_has_value
SR1482_T045,SR1482_40X_HE_T045_01;SR1482_40X_HE_T045_02,0.0,-1,45,No Loss,Not performed,MSI_not_performed_MMR_has_value
SR1482_T046,SR1482_40X_HE_T046_01,0.0,-1,46,No Loss,Not performed,MSI_not_performed_MMR_has_value
SR1482_T048,SR1482_40X_HE_T048_01;SR1482_40X_HE_T048_02,0.0,-1,48,No loss,Not performed,MSI_not_performed_MMR_has_value
SR1482_T050,SR1482_40X_HE_T050_01,0.0,-1,50,No Loss,Not performed,MSI_not_performed_MMR_has_value
SR1482_T051,SR1482_40X_HE_T051_01,0.0,-1,51,No Loss,Not performed,MSI_not_performed_MMR_has_value
SR1482_T052,SR1482_40X_HE_T052_01;SR1482_40X_HE_T052_02,0.0,-1,52,No Loss,Not performed,MSI_not_performed_MMR_has_value
SR1482_T053,SR1482_40X_HE_T053_01;SR1482_40X_HE_T053_02,0.0,-1,53,No loss,Not performed,MSI_not_performed_MMR_has_value
SR1482_T055,SR1482_40X_HE_T055_01;SR1482_40X_HE_T055_02,0.0,-1,55,No loss,Not performed,MSI_not_performed_MMR_has_value
SR1482_T056,SR1482_40X_HE_T056_01,0.0,-1,56,No Loss,Not performed,MSI_not_performed_MMR_has_value
SR1482_T072,SR1482_40X_HE_T072_01,1.0,-1,72,No Loss,MSI Low,MSI_ambiguous_value (e.g. Low/Insufficient/Failed)
SR1482_T076,SR1482_40X_HE_T076_01;SR1482_40X_HE_T076_02,0.0,-1,76,No Loss,Insufficient,MSI_ambiguous_value (e.g. Low/Insufficient/Failed)
SR1482_T077,SR1482_40X_HE_T077_01,1.0,-1,77,Loss of MLH1 & PMS2,Not performed,MSI_not_performed_MMR_has_value
SR1482_T078,SR1482_40X_HE_T078_01,1.0,-1,78,Loss of MLH1 & PMS2,Not performed,MSI_not_performed_MMR_has_value
SR1482_T084,SR1482_40X_HE_T084_01;SR1482_40X_HE_T084_02,0.0,-1,84,No loss,Not performed,MSI_not_performed_MMR_has_value
SR1482_T085,SR1482_40X_HE_T085_01,0.0,-1,85,No loss,Not performed,MSI_not_performed_MMR_has_value
SR1482_T086,SR1482_40X_HE_T086_01;SR1482_40X_HE_T086_02,0.0,-1,86,No loss,Not performed,MSI_not_performed_MMR_has_value
SR1482_T091,SR1482_40X_HE_T091_01,0.0,-1,91,No loss,Not performed,MSI_not_performed_MMR_has_value
SR1482_T092,SR1482_40X_HE_T092_01,0.0,-1,92,No Loss,Not performed,MSI_not_performed_MMR_has_value
SR1482_T093,SR1482_40X_HE_T093_01,0.0,-1,93,No loss,Not performed,MSI_not_performed_MMR_has_value
SR1482_T095,SR1482_40X_HE_T095_01;SR1482_40X_HE_T095_02,0.0,-1,95,No loss,Not performed,MSI_not_performed_MMR_has_value
SR1482_T096,SR1482_40X_HE_T096_01,1.0,-1,96,Loss of MLH1 & PMS2,Not performed,MSI_not_performed_MMR_has_value
SR1482_T100,SR1482_40X_HE_T100_01;SR1482_40X_HE_T100_02,0.0,-1,100,No Loss,Not performed,MSI_not_performed_MMR_has_value
SR1482_T101,SR1482_40X_HE_T101_01;SR1482_40X_HE_T101_02,0.0,-1,101,No loss,Not performed,MSI_not_performed_MMR_has_value
SR1482_T103,SR1482_40X_HE_T103_01,0.0,-1,103,No loss,Not performed,MSI_not_performed_MMR_has_value
SR1482_T104,SR1482_40X_HE_T104_01;SR1482_40X_HE_T104_02,0.0,-1,104,No loss,Not performed,MSI_not_performed_MMR_has_value
SR1482_T106,SR1482_40X_HE_T106_01,0.0,-1,106,No loss,Not performed,MSI_not_performed_MMR_has_value
SR1482_T107,SR1482_40X_HE_T107_01,1.0,-1,107,Loss of MLH1 & PMS2,Not performed,MSI_not_performed_MMR_has_value
SR1482_T110,SR1482_40X_HE_T110_01,0.0,-1,110,No Loss,Not performed,MSI_not_performed_MMR_has_value
SR1482_T111,SR1482_40X_HE_T111_01,0.0,-1,111,No Loss,Not performed,MSI_not_performed_MMR_has_value
SR1482_T112,SR1482_40X_HE_T112_01,0.0,-1,112,No Loss,Not performed,MSI_not_performed_MMR_has_value
SR1482_T114,SR1482_40X_HE_T114_01,0.0,-1,114,No Loss,Not performed,MSI_not_performed_MMR_has_value
SR1482_T128,SR1482_40X_HE_T128_01;SR1482_40X_HE_T128_02,0.0,-1,128,No loss,Not performed,MSI_not_performed_MMR_has_value
SR1482_T130,SR1482_40X_HE_T130_01,1.0,-1,130,Loss of MLH1 & PMS2,Not performed,MSI_not_performed_MMR_has_value
SR1482_T133,SR1482_40X_HE_T133_01;SR1482_40X_HE_T133_02,0.0,-1,133,No Loss,Not performed,MSI_not_performed_MMR_has_value
SR1482_T134,SR1482_40X_HE_T134_01,0.0,-1,134,No loss,Not performed,MSI_not_performed_MMR_has_value
SR1482_T135,SR1482_40X_HE_T135_01,0.0,-1,135,No loss,Not performed,MSI_not_performed_MMR_has_value
SR1482_T136,SR1482_40X_HE_T136_01;SR1482_40X_HE_T136_02,1.0,-1,136,Loss of MLH1 & PMS2,Not performed,MSI_not_performed_MMR_has_value
SR1482_T137,SR1482_40X_HE_T137_01;SR1482_40X_HE_T137_02,0.0,-1,137,No loss,Not performed,MSI_not_performed_MMR_has_value
SR1482_T140,SR1482_40X_HE_T140_01;SR1482_40X_HE_T140_02,0.0,-1,140,No Loss,Not performed,MSI_not_performed_MMR_has_value
SR1482_T150,SR1482_40X_HE_T150_01,0.0,-1,150,No Loss,Not performed,MSI_not_performed_MMR_has_value
SR1482_T151,SR1482_40X_HE_T151_01,0.0,-1,151,No Loss,Not performed,MSI_not_performed_MMR_has_value
SR1482_T152,SR1482_40X_HE_T152_01,0.0,-1,152,No Loss,Not performed,MSI_not_performed_MMR_has_value
SR1482_T153,SR1482_40X_HE_T153_01,0.0,-1,153,No Loss,Not performed,MSI_not_performed_MMR_has_value
SR1482_T155,SR1482_40X_HE_T155_01,1.0,-1,155,Loss of MLH1 & PMS2,Not performed,MSI_not_performed_MMR_has_value
SR1482_T156,SR1482_40X_HE_T156_01,0.0,-1,156,No Loss,Not performed,MSI_not_performed_MMR_has_value
SR1482_T162,SR1482_40X_HE_T162_01,0.0,-1,162,No loss,Not performed,MSI_not_performed_MMR_has_value
SR1482_T165,SR1482_40X_HE_T165_01,0.0,-1,165,No loss,Not performed,MSI_not_performed_MMR_has_value
SR1482_T170,SR1482_40X_HE_T170_01;SR1482_40X_HE_T170_02,0.0,-1,170,No loss,Not performed,MSI_not_performed_MMR_has_value
SR1482_T172,SR1482_40X_HE_T172_01;SR1482_40X_HE_T172_02,0.0,-1,172,No Loss,Not performed,MSI_not_performed_MMR_has_value
SR1482_T173,SR1482_40X_HE_T173_01;SR1482_40X_HE_T173_02,0.0,-1,173,No loss,Not performed,MSI_not_performed_MMR_has_value
SR1482_T174,SR1482_40X_HE_T174_01;SR1482_40X_HE_T174_02,1.0,-1,174,Loss of MLH1 & PMS2,Not performed,MSI_not_performed_MMR_has_value
SR1482_T179,SR1482_40X_HE_T179_01;SR1482_40X_HE_T179_02,1.0,-1,179,Loss of MLH1 & PMS2,Not performed,MSI_not_performed_MMR_has_value
SR1482_T180,SR1482_40X_HE_T180_01;SR1482_40X_HE_T180_02,1.0,-1,180,Loss of MLH1 & PMS2,Not performed,MSI_not_performed_MMR_has_value
SR1482_T182,SR1482_40X_HE_T182_01,0.0,-1,182,No loss,Not performed,MSI_not_performed_MMR_has_value
SR1482_T183,SR1482_40X_HE_T183_01;SR1482_40X_HE_T183_02,0.0,-1,183,No Loss,Not performed,MSI_not_performed_MMR_has_value
SR1482_T184,SR1482_40X_HE_T184_01,0.0,-1,184,No Loss,Not performed,MSI_not_performed_MMR_has_value
SR1482_T185,SR1482_40X_HE_T185_01,0.0,-1,185,No Loss,Failed,MSI_ambiguous_value (e.g. Low/Insufficient/Failed)
SR1482_T187,SR1482_40X_HE_T187_01,0.0,-1,187,No loss,Not performed,MSI_not_performed_MMR_has_value
SR1482_T189,SR1482_40X_HE_T189_01;SR1482_40X_HE_T189_02,0.0,-1,189,No loss,Not performed,MSI_not_performed_MMR_has_value
SR1482_T190,SR1482_40X_HE_T190_01,0.0,-1,190,No loss,Not performed,MSI_not_performed_MMR_has_value
SR1482_T196,SR1482_40X_HE_T196_01;SR1482_40X_HE_T196_02,0.0,-1,196,No loss,Not performed,MSI_not_performed_MMR_has_value
SR1482_T197,SR1482_40X_HE_T197_01,0.0,-1,197,No Loss,Not performed,MSI_not_performed_MMR_has_value
SR1482_T198,SR1482_40X_HE_T198_01,0.0,-1,198,No loss,Not performed,MSI_not_performed_MMR_has_value
SR1482_T200,SR1482_40X_HE_T200_01,0.0,-1,200,No loss,Not performed,MSI_not_performed_MMR_has_value
SR1482_T201,SR1482_40X_HE_T201_01,0.0,-1,201,No Loss,Not performed,MSI_not_performed_MMR_has_value
SR1482_T203,SR1482_40X_HE_T203_01;SR1482_40X_HE_T203_02,0.0,-1,203,No loss,Not performed,MSI_not_performed_MMR_has_value
SR1482_T204,SR1482_40X_HE_T204_01;SR1482_40X_HE_T204_02,0.0,-1,204,No loss,Not performed,MSI_not_performed_MMR_has_value
SR1482_T205,SR1482_40X_HE_T205_01,0.0,-1,205,No loss,Not performed,MSI_not_performed_MMR_has_value
SR1482_T206,SR1482_40X_HE_T206_01,0.0,-1,206,No Loss,Not performed,MSI_not_performed_MMR_has_value
SR1482_T207,SR1482_40X_HE_T207_01;SR1482_40X_HE_T207_02,0.0,-1,207,No loss,Not performed,MSI_not_performed_MMR_has_value
SR1482_T208,SR1482_40X_HE_T208_01,0.0,-1,208,No Loss,Not performed,MSI_not_performed_MMR_has_value
SR1482_T210,SR1482_40X_HE_T210_01;SR1482_40X_HE_T210_02,0.0,-1,210,No loss,Not performed,MSI_not_performed_MMR_has_value
SR1482_T211,SR1482_40X_HE_T211_01,0.0,-1,211,No Loss,Not performed,MSI_not_performed_MMR_has_value
SR1482_T212,SR1482_40X_HE_T212_01,0.0,-1,212,No loss,Not performed,MSI_not_performed_MMR_has_value
SR1482_T213,SR1482_40X_HE_T213_01;SR1482_40X_HE_T213_02,0.0,-1,213,No Loss,Not performed,MSI_not_performed_MMR_has_value
SR1482_T215,SR1482_40X_HE_T215_01;SR1482_40X_HE_T215_02,0.0,-1,215,No loss,Not performed,MSI_not_performed_MMR_has_value
SR1482_T216,SR1482_40X_HE_T216_01,0.0,-1,216,No loss,Not performed,MSI_not_performed_MMR_has_value
SR1482_T217,SR1482_40X_HE_T217_01,0.0,-1,217,No loss,Not performed,MSI_not_performed_MMR_has_value
SR1482_T219,SR1482_40X_HE_T219_01;SR1482_40X_HE_T219_02,0.0,-1,219,No Loss,Not performed,MSI_not_performed_MMR_has_value
SR1482_T220,SR1482_40X_HE_T220_01,0.0,-1,220,No loss,Not performed,MSI_not_performed_MMR_has_value
SR1482_T221,SR1482_40X_HE_T221_01;SR1482_40X_HE_T221_02,0.0,-1,221,No loss,Not performed,MSI_not_performed_MMR_has_value
SR1482_T222,SR1482_40X_HE_T222_01;SR1482_40X_HE_T222_02,0.0,-1,222,No loss,Not performed,MSI_not_performed_MMR_has_value
SR1482_T223,SR1482_40X_HE_T223_01,0.0,-1,223,No loss,Not performed,MSI_not_performed_MMR_has_value
SR1482_T224,SR1482_40X_HE_T224_01;SR1482_40X_HE_T224_02,1.0,-1,224,Loss of MLH1 & PMS2,Not performed,MSI_not_performed_MMR_has_value
SR1482_T226,SR1482_40X_HE_T226_01,0.0,-1,226,No loss,Not performed,MSI_not_performed_MMR_has_value
SR1482_T227,SR1482_40X_HE_T227_01;SR1482_40X_HE_T227_02,1.0,-1,227,Loss of MLH1 & PMS2,Not performed,MSI_not_performed_MMR_has_value
SR1482_T229,SR1482_40X_HE_T229_01,0.0,-1,229,No Loss,Not performed,MSI_not_performed_MMR_has_value
SR1482_T230,SR1482_40X_HE_T230_01,0.0,-1,230,No loss,Not performed,MSI_not_performed_MMR_has_value
SR1482_T231,SR1482_40X_HE_T231_01,0.0,-1,231,No loss,Not performed,MSI_not_performed_MMR_has_value
SR1482_T232,SR1482_40X_HE_T232_01;SR1482_40X_HE_T232_02,0.0,-1,232,No loss,Not performed,MSI_not_performed_MMR_has_value
SR1482_T233,SR1482_40X_HE_T233_01,0.0,-1,233,No loss,Not performed,MSI_not_performed_MMR_has_value
SR1482_T234,SR1482_40X_HE_T234_01,0.0,-1,234,No loss,Not performed,MSI_not_performed_MMR_has_value
SR1482_T239,SR1482_40X_HE_T239_01,1.0,-1,239,Loss of MLH1 & PMS2. Focal loss of MSH6,Not performed,MSI_not_performed_MMR_has_value
SR1482_T240,SR1482_40X_HE_T240_01;SR1482_40X_HE_T240_02,0.0,-1,240,No loss,Not performed,MSI_not_performed_MMR_has_value
SR1482_T242,SR1482_40X_HE_T242_01;SR1482_40X_HE_T242_02,0.0,-1,242,No Loss,Not performed,MSI_not_performed_MMR_has_value
SR1482_T243,SR1482_40X_HE_T243_01,0.0,-1,243,No Loss,Not performed,MSI_not_performed_MMR_has_value
SR1482_T244,SR1482_40X_HE_T244_01,0.0,-1,244,No loss,Not performed,MSI_not_performed_MMR_has_value
SR1482_T246,SR1482_40X_HE_T246_01,0.0,-1,246,No Loss,Not performed,MSI_not_performed_MMR_has_value
SR1482_T247,SR1482_40X_HE_T247_01,0.0,-1,247,No loss,Not performed,MSI_not_performed_MMR_has_value
SR1482_T248,SR1482_40X_HE_T248_01;SR1482_40X_HE_T248_02,0.0,-1,248,No Loss,Not performed,MSI_not_performed_MMR_has_value
SR1482_T249,SR1482_40X_HE_T249_01,0.0,-1,249,No Loss,Not performed,MSI_not_performed_MMR_has_value
SR1482_T250,SR1482_40X_HE_T250_01,0.0,-1,250,No Loss,Not performed,MSI_not_performed_MMR_has_value
SR1482_T251,SR1482_40X_HE_T251_01,0.0,-1,251,No Loss,Not performed,MSI_not_performed_MMR_has_value
SR1482_T254,SR1482_40X_HE_T254_01,0.0,-1,254,No Loss,Not performed,MSI_not_performed_MMR_has_value
SR1482_T255,SR1482_40X_HE_T255_01,0.0,-1,255,No loss,Not performed,MSI_not_performed_MMR_has_value
SR1482_T256,SR1482_40X_HE_T256_01,0.0,-1,256,No Loss,Not performed,MSI_not_performed_MMR_has_value
SR1482_T257,SR1482_40X_HE_T257_01,0.0,-1,257,No loss,Not performed,MSI_not_performed_MMR_has_value
SR1482_T259,SR1482_40X_HE_T259_01,1.0,-1,259,Loss of MLH1 & PMS2,Not performed,MSI_not_performed_MMR_has_value
SR1482_T260,SR1482_40X_HE_T260_01;SR1482_40X_HE_T260_02,0.0,-1,260,No loss,Not performed,MSI_not_performed_MMR_has_value
SR1482_T261,SR1482_40X_HE_T261_01,0.0,-1,261,No loss,Not performed,MSI_not_performed_MMR_has_value
SR1482_T262,SR1482_40X_HE_T262_01,0.0,-1,262,No Loss,Not performed,MSI_not_performed_MMR_has_value
SR1482_T263,SR1482_40X_HE_T263_01,0.0,-1,263,No loss,Not performed,MSI_not_performed_MMR_has_value
SR1482_T264,SR1482_40X_HE_T264_01,0.0,-1,264,No loss,Not performed,MSI_not_performed_MMR_has_value
SR1482_T266,SR1482_40X_HE_T266_01,0.0,-1,266,No loss,Not performed,MSI_not_performed_MMR_has_value
SR1482_T267,SR1482_40X_HE_T267_01,0.0,-1,267,No Loss,Not performed,MSI_not_performed_MMR_has_value
SR1482_T268,SR1482_40X_HE_T268_01;SR1482_40X_HE_T268_02,1.0,-1,268,Loss of MLH1 & PMS2,Not performed,MSI_not_performed_MMR_has_value
SR1482_T269,SR1482_40X_HE_T269_01,0.0,-1,269,No Loss,Not performed,MSI_not_performed_MMR_has_value
SR1482_T270,SR1482_40X_HE_T270_01,0.0,-1,270,No loss,Not performed,MSI_not_performed_MMR_has_value
SR1482_T271,SR1482_40X_HE_T271_01,0.0,-1,271,No loss,Not performed,MSI_not_performed_MMR_has_value
SR1482_T272,SR1482_40X_HE_T272_01,0.0,-1,272,No Loss,Not performed,MSI_not_performed_MMR_has_value
SR1482_T273,SR1482_40X_HE_T273_01,0.0,-1,273,No Loss,Not performed,MSI_not_performed_MMR_has_value
SR1482_T274,SR1482_40X_HE_T274_01;SR1482_40X_HE_T274_02,1.0,-1,274,Loss of MLH1 & PMS2,Not performed,MSI_not_performed_MMR_has_value
SR1482_T276,SR1482_40X_HE_T276_01,0.0,-1,276,No Loss,Not performed,MSI_not_performed_MMR_has_value
SR1482_T277,SR1482_40X_HE_T277_01;SR1482_40X_HE_T277_02,0.0,-1,277,No loss,Not performed,MSI_not_performed_MMR_has_value
SR1482_T278,SR1482_40X_HE_T278_01,0.0,-1,278,No Loss,Not performed,MSI_not_performed_MMR_has_value
SR1482_T279,SR1482_40X_HE_T279_01;SR1482_40X_HE_T279_02,0.0,-1,279,No loss,Not performed,MSI_not_performed_MMR_has_value
SR1482_T280,SR1482_40X_HE_T280_01,0.0,-1,280,No Loss,Not performed,MSI_not_performed_MMR_has_value
SR1482_T281,SR1482_40X_HE_T281_01,0.0,-1,281,No Loss,Not performed,MSI_not_performed_MMR_has_value
SR1482_T282,SR1482_40X_HE_T282_01,0.0,-1,282,No Loss,Not performed,MSI_not_performed_MMR_has_value
SR1482_T283,SR1482_40X_HE_T283_01,0.0,-1,283,No Loss,Not performed,MSI_not_performed_MMR_has_value
SR1482_T285,SR1482_40X_HE_T285_01;SR1482_40X_HE_T285_02,0.0,-1,285,No loss,Not performed,MSI_not_performed_MMR_has_value
SR1482_T286,SR1482_40X_HE_T286_01;SR1482_40X_HE_T286_02,0.0,-1,286,No loss,Not performed,MSI_not_performed_MMR_has_value
SR1482_T287,SR1482_40X_HE_T287_01,0.0,-1,287,No loss,Not performed,MSI_not_performed_MMR_has_value
SR1482_T288,SR1482_40X_HE_T288_01,0.0,-1,288,No loss,Not performed,MSI_not_performed_MMR_has_value
SR1482_T289,SR1482_40X_HE_T289_01;SR1482_40X_HE_T289_02,1.0,-1,289,Loss of MLH1 & PMS2,Not performed,MSI_not_performed_MMR_has_value
SR1482_T291,SR1482_40X_HE_T291_01,0.0,-1,291,No Loss,Not performed,MSI_not_performed_MMR_has_value
SR1482_T292,SR1482_40X_HE_T292_01,1.0,-1,292,Loss of MLH1 & PMS2,Not performed,MSI_not_performed_MMR_has_value
SR1482_T293,SR1482_40X_HE_T293_01,0.0,-1,293,No Loss,Not performed,MSI_not_performed_MMR_has_value
SR1482_T294,SR1482_40X_HE_T294_01,0.0,-1,294,No Loss,Not performed,MSI_not_performed_MMR_has_value
SR1482_T295,SR1482_40X_HE_T295_01;SR1482_40X_HE_T295_02,0.0,-1,295,No Loss,Not performed,MSI_not_performed_MMR_has_value
SR1482_T296,SR1482_40X_HE_T296_01;SR1482_40X_HE_T296_02,0.0,-1,296,No loss,Not performed,MSI_not_performed_MMR_has_value
SR1482_T297,SR1482_40X_HE_T297_01,1.0,-1,297,Loss of MLH1 & PMS2,Not performed,MSI_not_performed_MMR_has_value
SR1482_T299,SR1482_40X_HE_T299_01,0.0,-1,299,No Loss,Not performed,MSI_not_performed_MMR_has_value
SR1482_T300,SR1482_40X_HE_T300_01,0.0,-1,300,No loss,Not performed,MSI_not_performed_MMR_has_value
SR1482_T303,SR1482_40X_HE_T303_01,0.0,-1,303,No loss,Not performed,MSI_not_performed_MMR_has_value
SR1482_T307,SR1482_40X_HE_T307_01;SR1482_40X_HE_T307_02,0.0,-1,307,No loss,Not performed,MSI_not_performed_MMR_has_value
SR1482_T311,SR1482_40X_HE_T311_01;SR1482_40X_HE_T311_02,1.0,-1,311,Loss of MLH1 & PMS2,Not performed,MSI_not_performed_MMR_has_value
SR1482_T315,SR1482_40X_HE_T315_01;SR1482_40X_HE_T315_02,0.0,-1,315,No loss,Not performed,MSI_not_performed_MMR_has_value
SR1482_T316,SR1482_40X_HE_T316_01;SR1482_40X_HE_T316_02,0.0,-1,316,No loss,Not performed,MSI_not_performed_MMR_has_value
SR1482_T317,SR1482_40X_HE_T317_01,0.0,-1,317,No loss,Not performed,MSI_not_performed_MMR_has_value
SR1482_T318,SR1482_40X_HE_T318_01,0.0,-1,318,No loss,Not performed,MSI_not_performed_MMR_has_value
SR1482_T319,SR1482_40X_HE_T319_01,0.0,-1,319,No loss,Not performed,MSI_not_performed_MMR_has_value
SR1482_T320,SR1482_40X_HE_T320_01;SR1482_40X_HE_T320_02,0.0,-1,320,No loss,Not performed,MSI_not_performed_MMR_has_value
SR1482_T321,SR1482_40X_HE_T321_01,0.0,-1,321,No loss,Not performed,MSI_not_performed_MMR_has_value
SR1482_T322,SR1482_40X_HE_T322_01;SR1482_40X_HE_T322_02,0.0,-1,322,No loss,Not performed,MSI_not_performed_MMR_has_value
SR1482_T323,SR1482_40X_HE_T323_01,0.0,-1,323,No loss,Not performed,MSI_not_performed_MMR_has_value
SR1482_T324,SR1482_40X_HE_T324_01;SR1482_40X_HE_T324_02,0.0,-1,324,No loss,Not performed,MSI_not_performed_MMR_has_value
SR1482_T325,SR1482_40X_HE_T325_01;SR1482_40X_HE_T325_02,0.0,-1,325,No loss,Not performed,MSI_not_performed_MMR_has_value
SR1482_T326,SR1482_40X_HE_T326_01,0.0,-1,326,No loss,Not performed,MSI_not_performed_MMR_has_value
SR1482_T327,SR1482_40X_HE_T327_01;SR1482_40X_HE_T327_02,0.0,-1,327,No loss,Not performed,MSI_not_performed_MMR_has_value
SR1482_T328,SR1482_40X_HE_T328_01;SR1482_40X_HE_T328_02,0.0,-1,328,No loss,Not performed,MSI_not_performed_MMR_has_value
SR1482_T330,SR1482_40X_HE_T330_01,0.0,-1,330,No loss,Not performed,MSI_not_performed_MMR_has_value
SR1482_T331,SR1482_40X_HE_T331_01;SR1482_40X_HE_T331_02,0.0,-1,331,No loss,Not performed,MSI_not_performed_MMR_has_value
SR1482_T332,SR1482_40X_HE_T332_01;SR1482_40X_HE_T332_02,0.0,-1,332,No loss,Not performed,MSI_not_performed_MMR_has_value
SR1482_T333,SR1482_40X_HE_T333_01;SR1482_40X_HE_T333_02,0.0,-1,333,No loss,Not performed,MSI_not_performed_MMR_has_value
SR1482_T335,SR1482_40X_HE_T335_01;SR1482_40X_HE_T335_02,0.0,-1,335,No loss,Not performed,MSI_not_performed_MMR_has_value
SR1482_T336,SR1482_40X_HE_T336_01;SR1482_40X_HE_T336_02,0.0,-1,336,No loss,Not performed,MSI_not_performed_MMR_has_value
SR1482_T337,SR1482_40X_HE_T337_01;SR1482_40X_HE_T337_02,0.0,-1,337,No loss,Not performed,MSI_not_performed_MMR_has_value
SR1482_T339,SR1482_40X_HE_T339_01,0.0,-1,339,No loss,Not performed,MSI_not_performed_MMR_has_value
SR1482_T340,SR1482_40X_HE_T340_01,0.0,-1,340,No Loss,Not performed,MSI_not_performed_MMR_has_value
SR1482_T345,SR1482_40X_HE_T345_01;SR1482_40X_HE_T345_02,0.0,-1,345,No Loss,Not performed,MSI_not_performed_MMR_has_value
SR1482_T347,SR1482_40X_HE_T347_01,0.0,-1,347,No Loss,Not performed,MSI_not_performed_MMR_has_value
SR1482_T348,SR1482_40X_HE_T348_01,0.0,-1,348,No Loss,Not performed,MSI_not_performed_MMR_has_value
SR1482_T349,SR1482_40X_HE_T349_01,0.0,-1,349,No Loss,Not performed,MSI_not_performed_MMR_has_value
SR1482_T350,SR1482_40X_HE_T350_01,0.0,-1,350,No Loss,Not performed,MSI_not_performed_MMR_has_value
SR1482_T351,SR1482_40X_HE_T351_01;SR1482_40X_HE_T351_02,0.0,-1,351,No Loss,Not performed,MSI_not_performed_MMR_has_value
SR1482_T352,SR1482_40X_HE_T352_01,0.0,-1,352,No Loss,Not performed,MSI_not_performed_MMR_has_value
SR1482_T354,SR1482_40X_HE_T354_01,0.0,-1,354,No Loss,Not performed,MSI_not_performed_MMR_has_value
SR1482_T355,SR1482_40X_HE_T355_01,0.0,-1,355,No Loss,Not performed,MSI_not_performed_MMR_has_value
SR1482_T357,SR1482_40X_HE_T357_01,0.0,-1,357,No Loss,Not performed,MSI_not_performed_MMR_has_value
SR1482_T358,SR1482_40X_HE_T358_01,1.0,-1,358,Loss of MLH1 & PMS2,Not performed,MSI_not_performed_MMR_has_value
SR1482_T359,SR1482_40X_HE_T359_01,0.0,-1,359,No Loss,Not performed,MSI_not_performed_MMR_has_value
SR1482_T360,SR1482_40X_HE_T360_01,0.0,-1,360,No Loss,Not performed,MSI_not_performed_MMR_has_value
SR1482_T361,SR1482_40X_HE_T361_01,0.0,-1,361,No Loss,Not performed,MSI_not_performed_MMR_has_value
SR1482_T362,SR1482_40X_HE_T362_01,0.0,-1,362,No Loss,Not performed,MSI_not_performed_MMR_has_value
SR1482_T363,SR1482_40X_HE_T363_01,0.0,-1,363,No Loss,Not performed,MSI_not_performed_MMR_has_value
SR1482_T364,SR1482_40X_HE_T364_01;SR1482_40X_HE_T364_02,0.0,-1,364,No Loss,Not performed,MSI_not_performed_MMR_has_value
SR1482_T365,SR1482_40X_HE_T365_01;SR1482_40X_HE_T365_02,0.0,-1,365,No Loss,Not performed,MSI_not_performed_MMR_has_value
SR1482_T366,SR1482_40X_HE_T366_01,0.0,-1,366,No Loss,Not performed,MSI_not_performed_MMR_has_value
SR1482_T367,SR1482_40X_HE_T367_01,0.0,-1,367,No Loss,Not performed,MSI_not_performed_MMR_has_value
SR1482_T368,SR1482_40X_HE_T368_01,0.0,-1,368,No Loss,Not performed,MSI_not_performed_MMR_has_value
SR1482_T369,SR1482_40X_HE_T369_01,0.0,-1,369,No Loss,Not performed,MSI_not_performed_MMR_has_value
SR1482_T370,SR1482_40X_HE_T370_01,0.0,-1,370,No Loss,Not performed,MSI_not_performed_MMR_has_value
SR1482_T371,SR1482_40X_HE_T371_01,0.0,-1,371,No Loss,Not performed,MSI_not_performed_MMR_has_value
SR1482_T373,SR1482_40X_HE_T373_01,1.0,-1,373,Loss of MLH1 & PMS2,Not performed,MSI_not_performed_MMR_has_value
SR1482_T374,SR1482_40X_HE_T374_01;SR1482_40X_HE_T374_02,0.0,-1,374,No Loss,Not performed,MSI_not_performed_MMR_has_value
SR1482_T375,SR1482_40X_HE_T375_01;SR1482_40X_HE_T375_02,0.0,-1,375,No Loss,Not performed,MSI_not_performed_MMR_has_value
SR1482_T376,SR1482_40X_HE_T376_01,0.0,-1,376,No Loss,Not performed,MSI_not_performed_MMR_has_value
SR1482_T378,SR1482_40X_HE_T378_01,0.0,-1,378,No Loss,Not performed,MSI_not_performed_MMR_has_value
SR1482_T379,SR1482_40X_HE_T379_01,1.0,-1,379,Loss of MLH1 & PMS2,Not performed,MSI_not_performed_MMR_has_value
SR1482_T380,SR1482_40X_HE_T380_01,0.0,-1,380,No Loss,Not performed,MSI_not_performed_MMR_has_value
SR1482_T381,SR1482_40X_HE_T381_01;SR1482_40X_HE_T381_02,0.0,-1,381,No Loss,Not performed,MSI_not_performed_MMR_has_value
SR1482_T382,SR1482_40X_HE_T382_01,0.0,-1,382,No Loss,Not performed,MSI_not_performed_MMR_has_value
SR1482_T383,SR1482_40X_HE_T383_01;SR1482_40X_HE_T383_02,0.0,-1,383,No Loss,Not performed,MSI_not_performed_MMR_has_value
SR1482_T384,SR1482_40X_HE_T384_01;SR1482_40X_HE_T384_02,1.0,-1,384,Loss of MLH1 & PMS2,Not performed,MSI_not_performed_MMR_has_value
SR1482_T385,SR1482_40X_HE_T385_01,0.0,-1,385,No Loss,Not performed,MSI_not_performed_MMR_has_value
SR1482_T386,SR1482_40X_HE_T386_01;SR1482_40X_HE_T386_02,1.0,-1,386,Loss of MLH1 & PMS2,Not performed,MSI_not_performed_MMR_has_value
SR1482_T387,SR1482_40X_HE_T387_01,0.0,-1,387,No Loss,Not performed,MSI_not_performed_MMR_has_value
SR1482_T388,SR1482_40X_HE_T388_01,0.0,-1,388,No Loss,Not performed,MSI_not_performed_MMR_has_value
SR1482_T389,SR1482_40X_HE_T389_01,0.0,-1,389,No Loss,Not performed,MSI_not_performed_MMR_has_value
SR1482_T391,SR1482_40X_HE_T391_01,0.0,-1,391,No Loss,Not performed,MSI_not_performed_MMR_has_value
SR1482_T392,SR1482_40X_HE_T392_01;SR1482_40X_HE_T392_02,0.0,-1,392,No Loss,Not performed,MSI_not_performed_MMR_has_value
SR1482_T393,SR1482_40X_HE_T393_01;SR1482_40X_HE_T393_02,0.0,-1,393,No Loss,Not performed,MSI_not_performed_MMR_has_value
SR1482_T394,SR1482_40X_HE_T394_01,0.0,-1,394,No Loss,Not performed,MSI_not_performed_MMR_has_value
SR1482_T396,SR1482_40X_HE_T396_01;SR1482_40X_HE_T396_02,0.0,-1,396,No Loss,Not performed,MSI_not_performed_MMR_has_value
SR1482_T397,SR1482_40X_HE_T397_01;SR1482_40X_HE_T397_02,0.0,-1,397,No Loss,Not performed,MSI_not_performed_MMR_has_value
SR1482_T398,SR1482_40X_HE_T398_01;SR1482_40X_HE_T398_02,0.0,-1,398,No Loss,Not performed,MSI_not_performed_MMR_has_value
SR1482_T400,SR1482_40X_HE_T400_01;SR1482_40X_HE_T400_02,0.0,-1,400,No Loss,Not performed,MSI_not_performed_MMR_has_value
SR1482_T401,SR1482_40X_HE_T401_01,1.0,-1,401,Loss of MLH1 & PMS2,Not performed,MSI_not_performed_MMR_has_value
SR1482_T402,SR1482_40X_HE_T402_01,0.0,-1,402,No Loss,Not performed,MSI_not_performed_MMR_has_value
SR1482_T403,SR1482_40X_HE_T403_01;SR1482_40X_HE_T403_02,0.0,-1,403,No Loss,Not performed,MSI_not_performed_MMR_has_value
SR1482_T404,SR1482_40X_HE_T404_01,0.0,-1,404,No Loss,Not performed,MSI_not_performed_MMR_has_value
SR1482_T405,SR1482_40X_HE_T405_01,0.0,-1,405,No Loss,Not performed,MSI_not_performed_MMR_has_value
SR1482_T406,SR1482_40X_HE_T406_01;SR1482_40X_HE_T406_02,0.0,-1,406,No Loss,Not performed,MSI_not_performed_MMR_has_value
SR1482_T407,SR1482_40X_HE_T407_01,0.0,-1,407,No Loss,Not performed,MSI_not_performed_MMR_has_value
SR1482_T409,SR1482_40X_HE_T409_01,0.0,-1,409,No Loss,Not performed,MSI_not_performed_MMR_has_value
SR1482_T410,SR1482_40X_HE_T410_01;SR1482_40X_HE_T410_02,0.0,-1,410,No Loss,Not performed,MSI_not_performed_MMR_has_value
SR1482_T411,SR1482_40X_HE_T411_01,0.0,-1,411,No Loss,Not performed,MSI_not_performed_MMR_has_value
SR1482_T413,SR1482_40X_HE_T413_01,0.0,-1,413,No Loss,Not performed,MSI_not_performed_MMR_has_value
SR1482_T414,SR1482_40X_HE_T414_01;SR1482_40X_HE_T414_02,0.0,-1,414,No Loss,Not performed,MSI_not_performed_MMR_has_value
SR1482_T415,SR1482_40X_HE_T415_01;SR1482_40X_HE_T415_02,1.0,-1,415,Loss of MLH1 & PMS2,Not performed,MSI_not_performed_MMR_has_value
SR1482_T416,SR1482_40X_HE_T416_01,0.0,-1,416,No Loss,Not performed,MSI_not_performed_MMR_has_value
SR1482_T417,SR1482_40X_HE_T417_01;SR1482_40X_HE_T417_02,0.0,-1,417,No Loss,Not performed,MSI_not_performed_MMR_has_value
SR1482_T418,SR1482_40X_HE_T418_01,0.0,-1,418,No Loss,Not performed,MSI_not_performed_MMR_has_value
SR1482_T420,SR1482_40X_HE_T420_01,0.0,-1,420,No Loss,Not performed,MSI_not_performed_MMR_has_value
SR1482_T421,SR1482_40X_HE_T421_01,0.0,-1,421,No Loss,Not performed,MSI_not_performed_MMR_has_value
SR1482_T423,SR1482_40X_HE_T423_01,0.0,-1,423,No Loss,Not performed,MSI_not_performed_MMR_has_value
SR1482_T424,SR1482_40X_HE_T424_01,0.0,-1,424,No Loss,Not performed,MSI_not_performed_MMR_has_value
SR1482_T428,SR1482_40X_HE_T428_01,0.0,-1,428,No loss,Not performed,MSI_not_performed_MMR_has_value
SR1482_T429,SR1482_40X_HE_T429_01;SR1482_40X_HE_T429_02,0.0,-1,429,No Loss,Not performed,MSI_not_performed_MMR_has_value
SR1482_T430,SR1482_40X_HE_T430_01,0.0,-1,430,No Loss,Not performed,MSI_not_performed_MMR_has_value
SR1482_T431,SR1482_40X_HE_T431_01,0.0,-1,431,No Loss,Not performed,MSI_not_performed_MMR_has_value
SR1482_T432,SR1482_40X_HE_T432_01;SR1482_40X_HE_T432_02,0.0,-1,432,No Loss,Not performed,MSI_not_performed_MMR_has_value
