run,Experiment,Method,Model,Classifier,N_train,N_test,N_train_effective,AnnProtocol,BalAcc,BalAcc_CI_low,BalAcc_CI_high,AUROC,AUROC_CI_low,AUROC_CI_high,Acc,MacroF1,Threshold,ConfMatrix,hp_seed,hp_protocol,hp_preset,hp_arch,hp_hidden_dim1,hp_hidden_dim2,hp_max_iter,hp_dropout,hp_patience,hp_lr,hp_weight_decay,hp_batching,hp_input_dim,hp_grid_size,hp_search_space,hp_selected_on,hp_selection_value,hp_n_train_fitted,hp_n_held_out,hp_other
1,PAIP-IV,Averaging,Conch1_5,ann,47,31,47,full,0.8125,0.7221666666666666,0.9,0.8809523809523809,0.7066666666666667,1.0,0.7096774193548387,0.6889632107023411,0.5,"[[15, 9], [0, 7]]",42,full,ann_old,1 hidden layer(s),512,,1000,0.5,10,0.0001,0.0001,full-batch,768,18,"h1{128,256,512} x h2{64,128,256} x iter{500,1000}",,,47,0,
2,PAIP-IV,Averaging,Conch1_5,ann,47,31,47,full,0.8125,0.7221666666666666,0.9,0.8809523809523809,0.7066666666666667,1.0,0.7096774193548387,0.6889632107023411,0.5,"[[15, 9], [0, 7]]",42,full,ann_old,1 hidden layer(s),512,,1000,0.5,10,0.0001,0.0001,full-batch,768,18,"h1{128,256,512} x h2{64,128,256} x iter{500,1000}",,,47,0,
3,PAIP-IV,Averaging,Conch1_5,ann,47,31,47,full,0.8125,0.7221666666666666,0.9,0.8809523809523809,0.7066666666666667,1.0,0.7096774193548387,0.6889632107023411,0.5,"[[15, 9], [0, 7]]",42,full,ann_old,1 hidden layer(s),512,,1000,0.5,10,0.0001,0.0001,full-batch,768,18,"h1{128,256,512} x h2{64,128,256} x iter{500,1000}",,,47,0,
4,PAIP-IV,Averaging,Conch1_5,ann,47,31,47,full,0.8125,0.7221666666666666,0.9,0.8809523809523809,0.7066666666666667,1.0,0.7096774193548387,0.6889632107023411,0.5,"[[15, 9], [0, 7]]",42,full,ann_old,1 hidden layer(s),512,,1000,0.5,10,0.0001,0.0001,full-batch,768,18,"h1{128,256,512} x h2{64,128,256} x iter{500,1000}",,,47,0,
1,PAIP-IV,Averaging,ConchV1,ann,47,31,47,full,0.5565476190476191,0.3472222222222222,0.7678571428571428,0.6011904761904762,0.32653571428571426,0.853625541125541,0.5483870967741935,0.5068181818181818,0.5,"[[13, 11], [3, 4]]",42,full,ann_old,1 hidden layer(s),512,,1000,0.5,10,0.0001,0.0001,full-batch,512,18,"h1{128,256,512} x h2{64,128,256} x iter{500,1000}",,,47,0,
2,PAIP-IV,Averaging,ConchV1,ann,47,31,47,full,0.5565476190476191,0.3472222222222222,0.7678571428571428,0.6011904761904762,0.32653571428571426,0.853625541125541,0.5483870967741935,0.5068181818181818,0.5,"[[13, 11], [3, 4]]",42,full,ann_old,1 hidden layer(s),512,,1000,0.5,10,0.0001,0.0001,full-batch,512,18,"h1{128,256,512} x h2{64,128,256} x iter{500,1000}",,,47,0,
3,PAIP-IV,Averaging,ConchV1,ann,47,31,47,full,0.5565476190476191,0.3472222222222222,0.7678571428571428,0.6011904761904762,0.32653571428571426,0.853625541125541,0.5483870967741935,0.5068181818181818,0.5,"[[13, 11], [3, 4]]",42,full,ann_old,1 hidden layer(s),512,,1000,0.5,10,0.0001,0.0001,full-batch,512,18,"h1{128,256,512} x h2{64,128,256} x iter{500,1000}",,,47,0,
4,PAIP-IV,Averaging,ConchV1,ann,47,31,47,full,0.5565476190476191,0.3472222222222222,0.7678571428571428,0.6011904761904762,0.32653571428571426,0.853625541125541,0.5483870967741935,0.5068181818181818,0.5,"[[13, 11], [3, 4]]",42,full,ann_old,1 hidden layer(s),512,,1000,0.5,10,0.0001,0.0001,full-batch,512,18,"h1{128,256,512} x h2{64,128,256} x iter{500,1000}",,,47,0,
1,PAIP-IV,Averaging,H-Optimus-1,ann,47,31,47,full,0.7529761904761905,0.5352531199677939,0.9375,0.7678571428571429,0.5066666666666666,0.9999999999999999,0.7741935483870968,0.7163398692810458,0.5,"[[19, 5], [2, 5]]",42,full,ann_old,1 hidden layer(s),512,,1000,0.5,10,0.0001,0.0001,full-batch,1536,18,"h1{128,256,512} x h2{64,128,256} x iter{500,1000}",,,47,0,
2,PAIP-IV,Averaging,H-Optimus-1,ann,47,31,47,full,0.7529761904761905,0.5352531199677939,0.9375,0.7678571428571429,0.5066666666666666,0.9999999999999999,0.7741935483870968,0.7163398692810458,0.5,"[[19, 5], [2, 5]]",42,full,ann_old,1 hidden layer(s),512,,1000,0.5,10,0.0001,0.0001,full-batch,1536,18,"h1{128,256,512} x h2{64,128,256} x iter{500,1000}",,,47,0,
3,PAIP-IV,Averaging,H-Optimus-1,ann,47,31,47,full,0.7529761904761905,0.5352531199677939,0.9375,0.7678571428571429,0.5066666666666666,0.9999999999999999,0.7741935483870968,0.7163398692810458,0.5,"[[19, 5], [2, 5]]",42,full,ann_old,1 hidden layer(s),512,,1000,0.5,10,0.0001,0.0001,full-batch,1536,18,"h1{128,256,512} x h2{64,128,256} x iter{500,1000}",,,47,0,
4,PAIP-IV,Averaging,H-Optimus-1,ann,47,31,47,full,0.7529761904761905,0.5352531199677939,0.9375,0.7678571428571429,0.5066666666666666,0.9999999999999999,0.7741935483870968,0.7163398692810458,0.5,"[[19, 5], [2, 5]]",42,full,ann_old,1 hidden layer(s),512,,1000,0.5,10,0.0001,0.0001,full-batch,1536,18,"h1{128,256,512} x h2{64,128,256} x iter{500,1000}",,,47,0,
1,PAIP-IV,Averaging,UNI2,ann,47,31,47,full,0.6994047619047619,0.5081406772575251,0.8461538461538461,0.8154761904761905,0.6130456349206349,0.9692559523809523,0.6129032258064516,0.5921052631578947,0.5,"[[13, 11], [1, 6]]",42,full,ann_old,1 hidden layer(s),512,,1000,0.5,10,0.0001,0.0001,full-batch,1536,18,"h1{128,256,512} x h2{64,128,256} x iter{500,1000}",,,47,0,
2,PAIP-IV,Averaging,UNI2,ann,47,31,47,full,0.6994047619047619,0.5081406772575251,0.8461538461538461,0.8154761904761905,0.6130456349206349,0.9692559523809523,0.6129032258064516,0.5921052631578947,0.5,"[[13, 11], [1, 6]]",42,full,ann_old,1 hidden layer(s),512,,1000,0.5,10,0.0001,0.0001,full-batch,1536,18,"h1{128,256,512} x h2{64,128,256} x iter{500,1000}",,,47,0,
3,PAIP-IV,Averaging,UNI2,ann,47,31,47,full,0.6994047619047619,0.5081406772575251,0.8461538461538461,0.8154761904761905,0.6130456349206349,0.9692559523809523,0.6129032258064516,0.5921052631578947,0.5,"[[13, 11], [1, 6]]",42,full,ann_old,1 hidden layer(s),512,,1000,0.5,10,0.0001,0.0001,full-batch,1536,18,"h1{128,256,512} x h2{64,128,256} x iter{500,1000}",,,47,0,
4,PAIP-IV,Averaging,UNI2,ann,47,31,47,full,0.6994047619047619,0.5081406772575251,0.8461538461538461,0.8154761904761905,0.6130456349206349,0.9692559523809523,0.6129032258064516,0.5921052631578947,0.5,"[[13, 11], [1, 6]]",42,full,ann_old,1 hidden layer(s),512,,1000,0.5,10,0.0001,0.0001,full-batch,1536,18,"h1{128,256,512} x h2{64,128,256} x iter{500,1000}",,,47,0,
1,PAIP-IV,Averaging,Virchow2,ann,47,31,47,full,0.6696428571428572,0.4483269927536232,0.8621518567639256,0.7142857142857143,0.48085164835164834,0.9166666666666666,0.6451612903225806,0.6039488966318234,0.5,"[[15, 9], [2, 5]]",42,full,ann_old,1 hidden layer(s),512,,1000,0.5,10,0.0001,0.0001,full-batch,2560,18,"h1{128,256,512} x h2{64,128,256} x iter{500,1000}",,,47,0,
2,PAIP-IV,Averaging,Virchow2,ann,47,31,47,full,0.6696428571428572,0.4483269927536232,0.8621518567639256,0.7142857142857143,0.48085164835164834,0.9166666666666666,0.6451612903225806,0.6039488966318234,0.5,"[[15, 9], [2, 5]]",42,full,ann_old,1 hidden layer(s),512,,1000,0.5,10,0.0001,0.0001,full-batch,2560,18,"h1{128,256,512} x h2{64,128,256} x iter{500,1000}",,,47,0,
3,PAIP-IV,Averaging,Virchow2,ann,47,31,47,full,0.6696428571428572,0.4483269927536232,0.8621518567639256,0.7142857142857143,0.48085164835164834,0.9166666666666666,0.6451612903225806,0.6039488966318234,0.5,"[[15, 9], [2, 5]]",42,full,ann_old,1 hidden layer(s),512,,1000,0.5,10,0.0001,0.0001,full-batch,2560,18,"h1{128,256,512} x h2{64,128,256} x iter{500,1000}",,,47,0,
4,PAIP-IV,Averaging,Virchow2,ann,47,31,47,full,0.6696428571428572,0.4483269927536232,0.8621518567639256,0.7142857142857143,0.48085164835164834,0.9166666666666666,0.6451612903225806,0.6039488966318234,0.5,"[[15, 9], [2, 5]]",42,full,ann_old,1 hidden layer(s),512,,1000,0.5,10,0.0001,0.0001,full-batch,2560,18,"h1{128,256,512} x h2{64,128,256} x iter{500,1000}",,,47,0,
1,PAIP-IV,Caption_based_aggregation,Conch1_5,ann,47,31,47,full,0.7113095238095238,0.48996153846153845,0.9,0.8273809523809524,0.5535654761904761,1.0,0.7096774193548387,0.6585067319461444,0.5,"[[17, 7], [2, 5]]",42,full,ann_old,1 hidden layer(s),512,,1000,0.5,10,0.0001,0.0001,full-batch,10752,18,"h1{128,256,512} x h2{64,128,256} x iter{500,1000}",,,47,0,
2,PAIP-IV,Caption_based_aggregation,Conch1_5,ann,47,31,47,full,0.7113095238095238,0.48996153846153845,0.9,0.8273809523809524,0.5535654761904761,1.0,0.7096774193548387,0.6585067319461444,0.5,"[[17, 7], [2, 5]]",42,full,ann_old,1 hidden layer(s),512,,1000,0.5,10,0.0001,0.0001,full-batch,10752,18,"h1{128,256,512} x h2{64,128,256} x iter{500,1000}",,,47,0,
3,PAIP-IV,Caption_based_aggregation,Conch1_5,ann,47,31,47,full,0.7113095238095238,0.48996153846153845,0.9,0.8273809523809524,0.5535654761904761,1.0,0.7096774193548387,0.6585067319461444,0.5,"[[17, 7], [2, 5]]",42,full,ann_old,1 hidden layer(s),512,,1000,0.5,10,0.0001,0.0001,full-batch,10752,18,"h1{128,256,512} x h2{64,128,256} x iter{500,1000}",,,47,0,
4,PAIP-IV,Caption_based_aggregation,Conch1_5,ann,47,31,47,full,0.7113095238095238,0.48996153846153845,0.9,0.8273809523809524,0.5535654761904761,1.0,0.7096774193548387,0.6585067319461444,0.5,"[[17, 7], [2, 5]]",42,full,ann_old,1 hidden layer(s),512,,1000,0.5,10,0.0001,0.0001,full-batch,10752,18,"h1{128,256,512} x h2{64,128,256} x iter{500,1000}",,,47,0,
1,PAIP-IV,Caption_based_aggregation,ConchV1,ann,47,31,47,full,0.7529761904761905,0.5476190476190476,0.9444444444444444,0.8214285714285714,0.5476190476190477,1.0,0.7741935483870968,0.7163398692810458,0.5,"[[19, 5], [2, 5]]",42,full,ann_old,1 hidden layer(s),512,,1000,0.5,10,0.0001,0.0001,full-batch,7168,18,"h1{128,256,512} x h2{64,128,256} x iter{500,1000}",,,47,0,
2,PAIP-IV,Caption_based_aggregation,ConchV1,ann,47,31,47,full,0.7529761904761905,0.5476190476190476,0.9444444444444444,0.8214285714285714,0.5476190476190477,1.0,0.7741935483870968,0.7163398692810458,0.5,"[[19, 5], [2, 5]]",42,full,ann_old,1 hidden layer(s),512,,1000,0.5,10,0.0001,0.0001,full-batch,7168,18,"h1{128,256,512} x h2{64,128,256} x iter{500,1000}",,,47,0,
3,PAIP-IV,Caption_based_aggregation,ConchV1,ann,47,31,47,full,0.7529761904761905,0.5476190476190476,0.9444444444444444,0.8214285714285714,0.5476190476190477,1.0,0.7741935483870968,0.7163398692810458,0.5,"[[19, 5], [2, 5]]",42,full,ann_old,1 hidden layer(s),512,,1000,0.5,10,0.0001,0.0001,full-batch,7168,18,"h1{128,256,512} x h2{64,128,256} x iter{500,1000}",,,47,0,
4,PAIP-IV,Caption_based_aggregation,ConchV1,ann,47,31,47,full,0.7529761904761905,0.5476190476190476,0.9444444444444444,0.8214285714285714,0.5476190476190477,1.0,0.7741935483870968,0.7163398692810458,0.5,"[[19, 5], [2, 5]]",42,full,ann_old,1 hidden layer(s),512,,1000,0.5,10,0.0001,0.0001,full-batch,7168,18,"h1{128,256,512} x h2{64,128,256} x iter{500,1000}",,,47,0,
1,PAIP-IV,Caption_based_aggregation,H-Optimus-1,ann,47,31,47,full,0.7738095238095238,0.5595238095238095,0.9483189655172414,0.8273809523809524,0.579923076923077,1.0,0.8064516129032258,0.7472826086956521,0.5,"[[20, 4], [2, 5]]",42,full,ann_old,1 hidden layer(s),512,,1000,0.5,10,0.0001,0.0001,full-batch,21504,18,"h1{128,256,512} x h2{64,128,256} x iter{500,1000}",,,47,0,
2,PAIP-IV,Caption_based_aggregation,H-Optimus-1,ann,47,31,47,full,0.7738095238095238,0.5595238095238095,0.9483189655172414,0.8273809523809524,0.579923076923077,1.0,0.8064516129032258,0.7472826086956521,0.5,"[[20, 4], [2, 5]]",42,full,ann_old,1 hidden layer(s),512,,1000,0.5,10,0.0001,0.0001,full-batch,21504,18,"h1{128,256,512} x h2{64,128,256} x iter{500,1000}",,,47,0,
3,PAIP-IV,Caption_based_aggregation,H-Optimus-1,ann,47,31,47,full,0.7738095238095238,0.5595238095238095,0.9483189655172414,0.8273809523809524,0.579923076923077,1.0,0.8064516129032258,0.7472826086956521,0.5,"[[20, 4], [2, 5]]",42,full,ann_old,1 hidden layer(s),512,,1000,0.5,10,0.0001,0.0001,full-batch,21504,18,"h1{128,256,512} x h2{64,128,256} x iter{500,1000}",,,47,0,
4,PAIP-IV,Caption_based_aggregation,H-Optimus-1,ann,47,31,47,full,0.7738095238095238,0.5595238095238095,0.9483189655172414,0.8273809523809524,0.579923076923077,1.0,0.8064516129032258,0.7472826086956521,0.5,"[[20, 4], [2, 5]]",42,full,ann_old,1 hidden layer(s),512,,1000,0.5,10,0.0001,0.0001,full-batch,21504,18,"h1{128,256,512} x h2{64,128,256} x iter{500,1000}",,,47,0,
1,PAIP-IV,Caption_based_aggregation,UNI2,ann,47,31,47,full,0.8035714285714286,0.61,0.94,0.8869047619047619,0.68,1.0,0.7741935483870968,0.7343941248470012,0.5,"[[18, 6], [1, 6]]",42,full,ann_old,1 hidden layer(s),512,,1000,0.5,10,0.0001,0.0001,full-batch,21504,18,"h1{128,256,512} x h2{64,128,256} x iter{500,1000}",,,47,0,
2,PAIP-IV,Caption_based_aggregation,UNI2,ann,47,31,47,full,0.8035714285714286,0.61,0.94,0.8869047619047619,0.68,1.0,0.7741935483870968,0.7343941248470012,0.5,"[[18, 6], [1, 6]]",42,full,ann_old,1 hidden layer(s),512,,1000,0.5,10,0.0001,0.0001,full-batch,21504,18,"h1{128,256,512} x h2{64,128,256} x iter{500,1000}",,,47,0,
3,PAIP-IV,Caption_based_aggregation,UNI2,ann,47,31,47,full,0.8035714285714286,0.61,0.94,0.8869047619047619,0.68,1.0,0.7741935483870968,0.7343941248470012,0.5,"[[18, 6], [1, 6]]",42,full,ann_old,1 hidden layer(s),512,,1000,0.5,10,0.0001,0.0001,full-batch,21504,18,"h1{128,256,512} x h2{64,128,256} x iter{500,1000}",,,47,0,
4,PAIP-IV,Caption_based_aggregation,UNI2,ann,47,31,47,full,0.8035714285714286,0.61,0.94,0.8869047619047619,0.68,1.0,0.7741935483870968,0.7343941248470012,0.5,"[[18, 6], [1, 6]]",42,full,ann_old,1 hidden layer(s),512,,1000,0.5,10,0.0001,0.0001,full-batch,21504,18,"h1{128,256,512} x h2{64,128,256} x iter{500,1000}",,,47,0,
1,PAIP-IV,Caption_based_aggregation,Virchow2,ann,47,31,47,full,0.7113095238095238,0.5056773088023088,0.9,0.8273809523809524,0.5923542490118576,1.0,0.7096774193548387,0.6585067319461444,0.5,"[[17, 7], [2, 5]]",42,full,ann_old,1 hidden layer(s),512,,1000,0.5,10,0.0001,0.0001,full-batch,35840,18,"h1{128,256,512} x h2{64,128,256} x iter{500,1000}",,,47,0,
2,PAIP-IV,Caption_based_aggregation,Virchow2,ann,47,31,47,full,0.7113095238095238,0.5056773088023088,0.9,0.8273809523809524,0.5923542490118576,1.0,0.7096774193548387,0.6585067319461444,0.5,"[[17, 7], [2, 5]]",42,full,ann_old,1 hidden layer(s),512,,1000,0.5,10,0.0001,0.0001,full-batch,35840,18,"h1{128,256,512} x h2{64,128,256} x iter{500,1000}",,,47,0,
3,PAIP-IV,Caption_based_aggregation,Virchow2,ann,47,31,47,full,0.7113095238095238,0.5056773088023088,0.9,0.8273809523809524,0.5923542490118576,1.0,0.7096774193548387,0.6585067319461444,0.5,"[[17, 7], [2, 5]]",42,full,ann_old,1 hidden layer(s),512,,1000,0.5,10,0.0001,0.0001,full-batch,35840,18,"h1{128,256,512} x h2{64,128,256} x iter{500,1000}",,,47,0,
4,PAIP-IV,Caption_based_aggregation,Virchow2,ann,47,31,47,full,0.7113095238095238,0.5056773088023088,0.9,0.8273809523809524,0.5923542490118576,1.0,0.7096774193548387,0.6585067319461444,0.5,"[[17, 7], [2, 5]]",42,full,ann_old,1 hidden layer(s),512,,1000,0.5,10,0.0001,0.0001,full-batch,35840,18,"h1{128,256,512} x h2{64,128,256} x iter{500,1000}",,,47,0,
1,PAIP-IV,Caption_based_aggregation_15_classes,Conch1_5,ann,47,31,47,full,0.6904761904761905,0.47604166666666664,0.875,0.7857142857142858,0.47619047619047616,1.0,0.6774193548387096,0.6309523809523809,0.5,"[[16, 8], [2, 5]]",42,full,ann_old,1 hidden layer(s),512,,1000,0.5,10,0.0001,0.0001,full-batch,11520,18,"h1{128,256,512} x h2{64,128,256} x iter{500,1000}",,,47,0,
2,PAIP-IV,Caption_based_aggregation_15_classes,Conch1_5,ann,47,31,47,full,0.6904761904761905,0.47604166666666664,0.875,0.7857142857142858,0.47619047619047616,1.0,0.6774193548387096,0.6309523809523809,0.5,"[[16, 8], [2, 5]]",42,full,ann_old,1 hidden layer(s),512,,1000,0.5,10,0.0001,0.0001,full-batch,11520,18,"h1{128,256,512} x h2{64,128,256} x iter{500,1000}",,,47,0,
3,PAIP-IV,Caption_based_aggregation_15_classes,Conch1_5,ann,47,31,47,full,0.6904761904761905,0.47604166666666664,0.875,0.7857142857142858,0.47619047619047616,1.0,0.6774193548387096,0.6309523809523809,0.5,"[[16, 8], [2, 5]]",42,full,ann_old,1 hidden layer(s),512,,1000,0.5,10,0.0001,0.0001,full-batch,11520,18,"h1{128,256,512} x h2{64,128,256} x iter{500,1000}",,,47,0,
4,PAIP-IV,Caption_based_aggregation_15_classes,Conch1_5,ann,47,31,47,full,0.6904761904761905,0.47604166666666664,0.875,0.7857142857142858,0.47619047619047616,1.0,0.6774193548387096,0.6309523809523809,0.5,"[[16, 8], [2, 5]]",42,full,ann_old,1 hidden layer(s),512,,1000,0.5,10,0.0001,0.0001,full-batch,11520,18,"h1{128,256,512} x h2{64,128,256} x iter{500,1000}",,,47,0,
1,PAIP-IV,Caption_based_aggregation_15_classes,ConchV1,ann,47,31,47,full,0.7321428571428572,0.5236607142857144,0.9166666666666667,0.7857142857142857,0.4933076923076923,1.0,0.7419354838709677,0.6868686868686869,0.5,"[[18, 6], [2, 5]]",42,full,ann_old,1 hidden layer(s),512,,1000,0.5,10,0.0001,0.0001,full-batch,7680,18,"h1{128,256,512} x h2{64,128,256} x iter{500,1000}",,,47,0,
2,PAIP-IV,Caption_based_aggregation_15_classes,ConchV1,ann,47,31,47,full,0.7321428571428572,0.5236607142857144,0.9166666666666667,0.7857142857142857,0.4933076923076923,1.0,0.7419354838709677,0.6868686868686869,0.5,"[[18, 6], [2, 5]]",42,full,ann_old,1 hidden layer(s),512,,1000,0.5,10,0.0001,0.0001,full-batch,7680,18,"h1{128,256,512} x h2{64,128,256} x iter{500,1000}",,,47,0,
3,PAIP-IV,Caption_based_aggregation_15_classes,ConchV1,ann,47,31,47,full,0.7321428571428572,0.5236607142857144,0.9166666666666667,0.7857142857142857,0.4933076923076923,1.0,0.7419354838709677,0.6868686868686869,0.5,"[[18, 6], [2, 5]]",42,full,ann_old,1 hidden layer(s),512,,1000,0.5,10,0.0001,0.0001,full-batch,7680,18,"h1{128,256,512} x h2{64,128,256} x iter{500,1000}",,,47,0,
4,PAIP-IV,Caption_based_aggregation_15_classes,ConchV1,ann,47,31,47,full,0.7321428571428572,0.5236607142857144,0.9166666666666667,0.7857142857142857,0.4933076923076923,1.0,0.7419354838709677,0.6868686868686869,0.5,"[[18, 6], [2, 5]]",42,full,ann_old,1 hidden layer(s),512,,1000,0.5,10,0.0001,0.0001,full-batch,7680,18,"h1{128,256,512} x h2{64,128,256} x iter{500,1000}",,,47,0,
1,PAIP-IV,Caption_based_aggregation_15_classes,H-Optimus-1,ann,47,31,47,full,0.7738095238095238,0.5595238095238095,0.9483189655172414,0.8035714285714286,0.5515848806366048,1.0,0.8064516129032258,0.7472826086956521,0.5,"[[20, 4], [2, 5]]",42,full,ann_old,1 hidden layer(s),512,,1000,0.5,10,0.0001,0.0001,full-batch,23040,18,"h1{128,256,512} x h2{64,128,256} x iter{500,1000}",,,47,0,
2,PAIP-IV,Caption_based_aggregation_15_classes,H-Optimus-1,ann,47,31,47,full,0.7738095238095238,0.5595238095238095,0.9483189655172414,0.8035714285714286,0.5515848806366048,1.0,0.8064516129032258,0.7472826086956521,0.5,"[[20, 4], [2, 5]]",42,full,ann_old,1 hidden layer(s),512,,1000,0.5,10,0.0001,0.0001,full-batch,23040,18,"h1{128,256,512} x h2{64,128,256} x iter{500,1000}",,,47,0,
3,PAIP-IV,Caption_based_aggregation_15_classes,H-Optimus-1,ann,47,31,47,full,0.7738095238095238,0.5595238095238095,0.9483189655172414,0.8035714285714286,0.5515848806366048,1.0,0.8064516129032258,0.7472826086956521,0.5,"[[20, 4], [2, 5]]",42,full,ann_old,1 hidden layer(s),512,,1000,0.5,10,0.0001,0.0001,full-batch,23040,18,"h1{128,256,512} x h2{64,128,256} x iter{500,1000}",,,47,0,
4,PAIP-IV,Caption_based_aggregation_15_classes,H-Optimus-1,ann,47,31,47,full,0.7738095238095238,0.5595238095238095,0.9483189655172414,0.8035714285714286,0.5515848806366048,1.0,0.8064516129032258,0.7472826086956521,0.5,"[[20, 4], [2, 5]]",42,full,ann_old,1 hidden layer(s),512,,1000,0.5,10,0.0001,0.0001,full-batch,23040,18,"h1{128,256,512} x h2{64,128,256} x iter{500,1000}",,,47,0,
1,PAIP-IV,Caption_based_aggregation_15_classes,UNI2,ann,47,31,47,full,0.7619047619047619,0.5760155906895037,0.9000595238095238,0.8690476190476191,0.6666666666666667,1.0,0.7096774193548387,0.6759581881533101,0.5,"[[16, 8], [1, 6]]",42,full,ann_old,1 hidden layer(s),512,,1000,0.5,10,0.0001,0.0001,full-batch,23040,18,"h1{128,256,512} x h2{64,128,256} x iter{500,1000}",,,47,0,
2,PAIP-IV,Caption_based_aggregation_15_classes,UNI2,ann,47,31,47,full,0.7619047619047619,0.5760155906895037,0.9000595238095238,0.8690476190476191,0.6666666666666667,1.0,0.7096774193548387,0.6759581881533101,0.5,"[[16, 8], [1, 6]]",42,full,ann_old,1 hidden layer(s),512,,1000,0.5,10,0.0001,0.0001,full-batch,23040,18,"h1{128,256,512} x h2{64,128,256} x iter{500,1000}",,,47,0,
3,PAIP-IV,Caption_based_aggregation_15_classes,UNI2,ann,47,31,47,full,0.7619047619047619,0.5760155906895037,0.9000595238095238,0.8690476190476191,0.6666666666666667,1.0,0.7096774193548387,0.6759581881533101,0.5,"[[16, 8], [1, 6]]",42,full,ann_old,1 hidden layer(s),512,,1000,0.5,10,0.0001,0.0001,full-batch,23040,18,"h1{128,256,512} x h2{64,128,256} x iter{500,1000}",,,47,0,
4,PAIP-IV,Caption_based_aggregation_15_classes,UNI2,ann,47,31,47,full,0.7619047619047619,0.5760155906895037,0.9000595238095238,0.8690476190476191,0.6666666666666667,1.0,0.7096774193548387,0.6759581881533101,0.5,"[[16, 8], [1, 6]]",42,full,ann_old,1 hidden layer(s),512,,1000,0.5,10,0.0001,0.0001,full-batch,23040,18,"h1{128,256,512} x h2{64,128,256} x iter{500,1000}",,,47,0,
1,PAIP-IV,Caption_based_aggregation_15_classes,Virchow2,ann,47,31,47,full,0.7113095238095238,0.5056773088023088,0.9,0.761904761904762,0.49067460317460315,0.9907407407407408,0.7096774193548387,0.6585067319461444,0.5,"[[17, 7], [2, 5]]",42,full,ann_old,1 hidden layer(s),512,,1000,0.5,10,0.0001,0.0001,full-batch,38400,18,"h1{128,256,512} x h2{64,128,256} x iter{500,1000}",,,47,0,
2,PAIP-IV,Caption_based_aggregation_15_classes,Virchow2,ann,47,31,47,full,0.7113095238095238,0.5056773088023088,0.9,0.761904761904762,0.49067460317460315,0.9907407407407408,0.7096774193548387,0.6585067319461444,0.5,"[[17, 7], [2, 5]]",42,full,ann_old,1 hidden layer(s),512,,1000,0.5,10,0.0001,0.0001,full-batch,38400,18,"h1{128,256,512} x h2{64,128,256} x iter{500,1000}",,,47,0,
3,PAIP-IV,Caption_based_aggregation_15_classes,Virchow2,ann,47,31,47,full,0.7113095238095238,0.5056773088023088,0.9,0.761904761904762,0.49067460317460315,0.9907407407407408,0.7096774193548387,0.6585067319461444,0.5,"[[17, 7], [2, 5]]",42,full,ann_old,1 hidden layer(s),512,,1000,0.5,10,0.0001,0.0001,full-batch,38400,18,"h1{128,256,512} x h2{64,128,256} x iter{500,1000}",,,47,0,
4,PAIP-IV,Caption_based_aggregation_15_classes,Virchow2,ann,47,31,47,full,0.7113095238095238,0.5056773088023088,0.9,0.761904761904762,0.49067460317460315,0.9907407407407408,0.7096774193548387,0.6585067319461444,0.5,"[[17, 7], [2, 5]]",42,full,ann_old,1 hidden layer(s),512,,1000,0.5,10,0.0001,0.0001,full-batch,38400,18,"h1{128,256,512} x h2{64,128,256} x iter{500,1000}",,,47,0,
1,PAIP-IV,PRISM,PRISM,ann,47,31,47,full,0.7738095238095238,0.5652380952380952,0.9482758620689655,0.8333333333333334,0.6199761904761903,0.9999999999999999,0.8064516129032258,0.7472826086956521,0.5,"[[20, 4], [2, 5]]",42,full,ann_old,1 hidden layer(s),512,,1000,0.5,10,0.0001,0.0001,full-batch,1280,18,"h1{128,256,512} x h2{64,128,256} x iter{500,1000}",,,47,0,
2,PAIP-IV,PRISM,PRISM,ann,47,31,47,full,0.7738095238095238,0.5652380952380952,0.9482758620689655,0.8333333333333334,0.6199761904761903,0.9999999999999999,0.8064516129032258,0.7472826086956521,0.5,"[[20, 4], [2, 5]]",42,full,ann_old,1 hidden layer(s),512,,1000,0.5,10,0.0001,0.0001,full-batch,1280,18,"h1{128,256,512} x h2{64,128,256} x iter{500,1000}",,,47,0,
3,PAIP-IV,PRISM,PRISM,ann,47,31,47,full,0.7738095238095238,0.5652380952380952,0.9482758620689655,0.8333333333333334,0.6199761904761903,0.9999999999999999,0.8064516129032258,0.7472826086956521,0.5,"[[20, 4], [2, 5]]",42,full,ann_old,1 hidden layer(s),512,,1000,0.5,10,0.0001,0.0001,full-batch,1280,18,"h1{128,256,512} x h2{64,128,256} x iter{500,1000}",,,47,0,
4,PAIP-IV,PRISM,PRISM,ann,47,31,47,full,0.7738095238095238,0.5652380952380952,0.9482758620689655,0.8333333333333334,0.6199761904761903,0.9999999999999999,0.8064516129032258,0.7472826086956521,0.5,"[[20, 4], [2, 5]]",42,full,ann_old,1 hidden layer(s),512,,1000,0.5,10,0.0001,0.0001,full-batch,1280,18,"h1{128,256,512} x h2{64,128,256} x iter{500,1000}",,,47,0,
1,PAIP-IV,TITAN,Conch1_5,ann,47,31,47,full,0.7410714285714286,0.5515896739130435,0.8800238095238095,0.8928571428571428,0.713324074074074,1.0,0.6774193548387096,0.6477272727272727,0.5,"[[15, 9], [1, 6]]",42,full,ann_old,1 hidden layer(s),512,,1000,0.5,10,0.0001,0.0001,full-batch,768,18,"h1{128,256,512} x h2{64,128,256} x iter{500,1000}",,,47,0,
2,PAIP-IV,TITAN,Conch1_5,ann,47,31,47,full,0.7410714285714286,0.5515896739130435,0.8800238095238095,0.8928571428571428,0.713324074074074,1.0,0.6774193548387096,0.6477272727272727,0.5,"[[15, 9], [1, 6]]",42,full,ann_old,1 hidden layer(s),512,,1000,0.5,10,0.0001,0.0001,full-batch,768,18,"h1{128,256,512} x h2{64,128,256} x iter{500,1000}",,,47,0,
3,PAIP-IV,TITAN,Conch1_5,ann,47,31,47,full,0.7410714285714286,0.5515896739130435,0.8800238095238095,0.8928571428571428,0.713324074074074,1.0,0.6774193548387096,0.6477272727272727,0.5,"[[15, 9], [1, 6]]",42,full,ann_old,1 hidden layer(s),512,,1000,0.5,10,0.0001,0.0001,full-batch,768,18,"h1{128,256,512} x h2{64,128,256} x iter{500,1000}",,,47,0,
4,PAIP-IV,TITAN,Conch1_5,ann,47,31,47,full,0.7410714285714286,0.5515896739130435,0.8800238095238095,0.8928571428571428,0.713324074074074,1.0,0.6774193548387096,0.6477272727272727,0.5,"[[15, 9], [1, 6]]",42,full,ann_old,1 hidden layer(s),512,,1000,0.5,10,0.0001,0.0001,full-batch,768,18,"h1{128,256,512} x h2{64,128,256} x iter{500,1000}",,,47,0,
1,PAIP-IV,Tissue_Type_Clustering,Conch1_5,ann,47,31,47,full,0.7946428571428572,0.6099166666666667,0.9629960317460318,0.7619047619047619,0.47330555555555553,0.9821428571428571,0.8387096774193549,0.7801418439716312,0.5,"[[21, 3], [2, 5]]",42,full,ann_old,1 hidden layer(s),512,,1000,0.5,10,0.0001,0.0001,full-batch,6912,18,"h1{128,256,512} x h2{64,128,256} x iter{500,1000}",,,47,0,
2,PAIP-IV,Tissue_Type_Clustering,Conch1_5,ann,47,31,47,full,0.7946428571428572,0.6099166666666667,0.9629960317460318,0.7619047619047619,0.47330555555555553,0.9821428571428571,0.8387096774193549,0.7801418439716312,0.5,"[[21, 3], [2, 5]]",42,full,ann_old,1 hidden layer(s),512,,1000,0.5,10,0.0001,0.0001,full-batch,6912,18,"h1{128,256,512} x h2{64,128,256} x iter{500,1000}",,,47,0,
3,PAIP-IV,Tissue_Type_Clustering,Conch1_5,ann,47,31,47,full,0.7946428571428572,0.6099166666666667,0.9629960317460318,0.7619047619047619,0.47330555555555553,0.9821428571428571,0.8387096774193549,0.7801418439716312,0.5,"[[21, 3], [2, 5]]",42,full,ann_old,1 hidden layer(s),512,,1000,0.5,10,0.0001,0.0001,full-batch,6912,18,"h1{128,256,512} x h2{64,128,256} x iter{500,1000}",,,47,0,
4,PAIP-IV,Tissue_Type_Clustering,Conch1_5,ann,47,31,47,full,0.7946428571428572,0.6099166666666667,0.9629960317460318,0.7619047619047619,0.47330555555555553,0.9821428571428571,0.8387096774193549,0.7801418439716312,0.5,"[[21, 3], [2, 5]]",42,full,ann_old,1 hidden layer(s),512,,1000,0.5,10,0.0001,0.0001,full-batch,6912,18,"h1{128,256,512} x h2{64,128,256} x iter{500,1000}",,,47,0,
1,PAIP-IV,Tissue_Type_Clustering,ConchV1,ann,47,31,47,full,0.7619047619047619,0.5700000000000001,0.9038461538461539,0.8809523809523809,0.7142274844720498,0.9999999999999999,0.7096774193548387,0.6759581881533101,0.5,"[[16, 8], [1, 6]]",42,full,ann_old,1 hidden layer(s),512,,1000,0.5,10,0.0001,0.0001,full-batch,4608,18,"h1{128,256,512} x h2{64,128,256} x iter{500,1000}",,,47,0,
2,PAIP-IV,Tissue_Type_Clustering,ConchV1,ann,47,31,47,full,0.7619047619047619,0.5700000000000001,0.9038461538461539,0.8809523809523809,0.7142274844720498,0.9999999999999999,0.7096774193548387,0.6759581881533101,0.5,"[[16, 8], [1, 6]]",42,full,ann_old,1 hidden layer(s),512,,1000,0.5,10,0.0001,0.0001,full-batch,4608,18,"h1{128,256,512} x h2{64,128,256} x iter{500,1000}",,,47,0,
3,PAIP-IV,Tissue_Type_Clustering,ConchV1,ann,47,31,47,full,0.7619047619047619,0.5700000000000001,0.9038461538461539,0.8809523809523809,0.7142274844720498,0.9999999999999999,0.7096774193548387,0.6759581881533101,0.5,"[[16, 8], [1, 6]]",42,full,ann_old,1 hidden layer(s),512,,1000,0.5,10,0.0001,0.0001,full-batch,4608,18,"h1{128,256,512} x h2{64,128,256} x iter{500,1000}",,,47,0,
4,PAIP-IV,Tissue_Type_Clustering,ConchV1,ann,47,31,47,full,0.7619047619047619,0.5700000000000001,0.9038461538461539,0.8809523809523809,0.7142274844720498,0.9999999999999999,0.7096774193548387,0.6759581881533101,0.5,"[[16, 8], [1, 6]]",42,full,ann_old,1 hidden layer(s),512,,1000,0.5,10,0.0001,0.0001,full-batch,4608,18,"h1{128,256,512} x h2{64,128,256} x iter{500,1000}",,,47,0,
1,PAIP-IV,Tissue_Type_Clustering,H-Optimus-1,ann,47,31,47,full,0.7113095238095238,0.5056773088023088,0.9,0.7976190476190477,0.5229629629629629,1.0,0.7096774193548387,0.6585067319461444,0.5,"[[17, 7], [2, 5]]",42,full,ann_old,1 hidden layer(s),512,,1000,0.5,10,0.0001,0.0001,full-batch,13824,18,"h1{128,256,512} x h2{64,128,256} x iter{500,1000}",,,47,0,
2,PAIP-IV,Tissue_Type_Clustering,H-Optimus-1,ann,47,31,47,full,0.7113095238095238,0.5056773088023088,0.9,0.7976190476190477,0.5229629629629629,1.0,0.7096774193548387,0.6585067319461444,0.5,"[[17, 7], [2, 5]]",42,full,ann_old,1 hidden layer(s),512,,1000,0.5,10,0.0001,0.0001,full-batch,13824,18,"h1{128,256,512} x h2{64,128,256} x iter{500,1000}",,,47,0,
3,PAIP-IV,Tissue_Type_Clustering,H-Optimus-1,ann,47,31,47,full,0.7113095238095238,0.5056773088023088,0.9,0.7976190476190477,0.5229629629629629,1.0,0.7096774193548387,0.6585067319461444,0.5,"[[17, 7], [2, 5]]",42,full,ann_old,1 hidden layer(s),512,,1000,0.5,10,0.0001,0.0001,full-batch,13824,18,"h1{128,256,512} x h2{64,128,256} x iter{500,1000}",,,47,0,
4,PAIP-IV,Tissue_Type_Clustering,H-Optimus-1,ann,47,31,47,full,0.7113095238095238,0.5056773088023088,0.9,0.7976190476190477,0.5229629629629629,1.0,0.7096774193548387,0.6585067319461444,0.5,"[[17, 7], [2, 5]]",42,full,ann_old,1 hidden layer(s),512,,1000,0.5,10,0.0001,0.0001,full-batch,13824,18,"h1{128,256,512} x h2{64,128,256} x iter{500,1000}",,,47,0,
1,PAIP-IV,Tissue_Type_Clustering,UNI2,ann,47,31,47,full,0.7410714285714286,0.5499074074074074,0.8847222222222221,0.880952380952381,0.7129629629629629,1.0,0.6774193548387096,0.6477272727272727,0.5,"[[15, 9], [1, 6]]",42,full,ann_old,1 hidden layer(s),512,,1000,0.5,10,0.0001,0.0001,full-batch,13824,18,"h1{128,256,512} x h2{64,128,256} x iter{500,1000}",,,47,0,
2,PAIP-IV,Tissue_Type_Clustering,UNI2,ann,47,31,47,full,0.7410714285714286,0.5499074074074074,0.8847222222222221,0.880952380952381,0.7129629629629629,1.0,0.6774193548387096,0.6477272727272727,0.5,"[[15, 9], [1, 6]]",42,full,ann_old,1 hidden layer(s),512,,1000,0.5,10,0.0001,0.0001,full-batch,13824,18,"h1{128,256,512} x h2{64,128,256} x iter{500,1000}",,,47,0,
3,PAIP-IV,Tissue_Type_Clustering,UNI2,ann,47,31,47,full,0.7410714285714286,0.5499074074074074,0.8847222222222221,0.880952380952381,0.7129629629629629,1.0,0.6774193548387096,0.6477272727272727,0.5,"[[15, 9], [1, 6]]",42,full,ann_old,1 hidden layer(s),512,,1000,0.5,10,0.0001,0.0001,full-batch,13824,18,"h1{128,256,512} x h2{64,128,256} x iter{500,1000}",,,47,0,
4,PAIP-IV,Tissue_Type_Clustering,UNI2,ann,47,31,47,full,0.7410714285714286,0.5499074074074074,0.8847222222222221,0.880952380952381,0.7129629629629629,1.0,0.6774193548387096,0.6477272727272727,0.5,"[[15, 9], [1, 6]]",42,full,ann_old,1 hidden layer(s),512,,1000,0.5,10,0.0001,0.0001,full-batch,13824,18,"h1{128,256,512} x h2{64,128,256} x iter{500,1000}",,,47,0,
1,PAIP-IV,Tissue_Type_Clustering,Virchow2,ann,47,31,47,full,0.6696428571428572,0.4483269927536232,0.8653846153846154,0.8095238095238095,0.5831845238095239,1.0,0.6451612903225806,0.6039488966318234,0.5,"[[15, 9], [2, 5]]",42,full,ann_old,1 hidden layer(s),512,,1000,0.5,10,0.0001,0.0001,full-batch,23040,18,"h1{128,256,512} x h2{64,128,256} x iter{500,1000}",,,47,0,
2,PAIP-IV,Tissue_Type_Clustering,Virchow2,ann,47,31,47,full,0.6696428571428572,0.4483269927536232,0.8653846153846154,0.8095238095238095,0.5831845238095239,1.0,0.6451612903225806,0.6039488966318234,0.5,"[[15, 9], [2, 5]]",42,full,ann_old,1 hidden layer(s),512,,1000,0.5,10,0.0001,0.0001,full-batch,23040,18,"h1{128,256,512} x h2{64,128,256} x iter{500,1000}",,,47,0,
3,PAIP-IV,Tissue_Type_Clustering,Virchow2,ann,47,31,47,full,0.6696428571428572,0.4483269927536232,0.8653846153846154,0.8095238095238095,0.5831845238095239,1.0,0.6451612903225806,0.6039488966318234,0.5,"[[15, 9], [2, 5]]",42,full,ann_old,1 hidden layer(s),512,,1000,0.5,10,0.0001,0.0001,full-batch,23040,18,"h1{128,256,512} x h2{64,128,256} x iter{500,1000}",,,47,0,
4,PAIP-IV,Tissue_Type_Clustering,Virchow2,ann,47,31,47,full,0.6696428571428572,0.4483269927536232,0.8653846153846154,0.8095238095238095,0.5831845238095239,1.0,0.6451612903225806,0.6039488966318234,0.5,"[[15, 9], [2, 5]]",42,full,ann_old,1 hidden layer(s),512,,1000,0.5,10,0.0001,0.0001,full-batch,23040,18,"h1{128,256,512} x h2{64,128,256} x iter{500,1000}",,,47,0,
