Experiment,Method,Model,Classifier,Variant,N_test,BalAcc,AUROC,Acc,MacroF1,Threshold,BalAcc_sd,AUROC_sd,ConfMatrix
PAIP-EV,Tissue_Type_Clustering,UNI2,lin,fold_ensemble,73,0.7673319327731092,0.8676470588235294,0.863013698630137,0.7902298850574713,0.009665079374311682,,,"[[53, 3], [7, 10]]"
PAIP-EV,Tissue_Type_Clustering,UNI2,lin,fold_average,73,0.735031512605042,0.8723739495798319,0.8527397260273972,0.7585160747661901,0.009665079374311682,0.05891548653390972,0.009867801590365509,"[[54, 2], [8, 9]]"
PAIP-EV,Tissue_Type_Clustering,UNI2,ann,fold_ensemble,73,0.7673319327731092,0.8434873949579833,0.863013698630137,0.7902298850574713,0.5094857215881348,,,"[[53, 3], [7, 10]]"
PAIP-EV,Tissue_Type_Clustering,UNI2,ann,fold_average,73,0.7421218487394958,0.842436974789916,0.8321917808219177,0.750782695958913,0.5094857215881348,0.0464313637511584,0.022953543469970673,"[[51, 5], [7, 10]]"
PAIP-EV,Tissue_Type_Clustering,UNI2,knn,fold_ensemble,73,0.5204831932773109,0.6218487394957983,0.7671232876712328,0.4857024450891007,0.2,,,"[[55, 1], [16, 1]]"
PAIP-EV,Tissue_Type_Clustering,UNI2,knn,fold_average,73,0.5498949579831932,0.5623686974789915,0.7808219178082192,0.5292562621168044,0.2,0.04252742513529131,0.03210313074440893,"[[55, 1], [15, 2]]"
PAIP-EV,Tissue_Type_Clustering,UNI2,proto,fold_ensemble,73,0.5,0.8392857142857142,0.7671232876712328,0.43410852713178294,0.5046889781951904,,,"[[56, 0], [17, 0]]"
PAIP-EV,Tissue_Type_Clustering,UNI2,proto,fold_average,73,0.5,0.8371848739495797,0.7671232876712328,0.43410852713178294,0.5046889781951904,0.0,0.020177912512918696,"[[56, 0], [17, 0]]"
PAIP-EV,Tissue_Type_Clustering,UNI2,rf,fold_ensemble,73,0.5588235294117647,0.8277310924369747,0.7945205479452054,0.5462080397845006,0.16957937621051225,,,"[[56, 0], [15, 2]]"
PAIP-EV,Tissue_Type_Clustering,UNI2,rf,fold_average,73,0.5735294117647058,0.8035714285714286,0.8013698630136986,0.5564970788151583,0.16957937621051225,0.0735294117647059,0.026081321466250303,"[[56, 0], [14, 2]]"
