Experiment,Method,Model,Classifier,Variant,N_test,BalAcc,AUROC,Acc,MacroF1,Threshold,BalAcc_sd,AUROC_sd,ConfMatrix,d_BalAcc_vs_legacy,d_AUROC_vs_legacy
PAIP-EV,TITAN,Conch1_5,lin,tcga_full,73,0.7536764705882353,0.801470588235294,0.684931506849315,0.6593629539460337,0.04514526306193675,0.0,0.0,"[[35, 21], [2, 15]]",0.07024684873949583,0.002626050420167947
PAIP-EV,TITAN,Conch1_5,lin,fold_ensemble,73,0.7027310924369747,0.8119747899159664,0.5753424657534246,0.5672212660164467,0.04514526306193675,,,"[[26, 30], [1, 16]]",,
PAIP-EV,TITAN,Conch1_5,lin,fold_average,73,0.6834296218487395,0.7988445378151261,0.6164383561643836,0.5909607058373655,0.04514526306193675,0.030983778363939764,0.04376925766806865,"[[31, 25], [3, 14]]",,
PAIP-EV,TITAN,Conch1_5,ann,tcga_full,73,0.7925420168067226,0.8445378151260504,0.8136986301369863,0.7619134829911437,0.6405479311943054,0.0427625521468393,0.021165379915556535,"[[47, 9], [4, 13]]",0.050288865546218475,0.04359243697478987
PAIP-EV,TITAN,Conch1_5,ann,fold_ensemble,73,0.7904411764705883,0.8109243697478992,0.8356164383561644,0.7787878787878788,0.6405479311943054,,,"[[49, 7], [5, 12]]",,
PAIP-EV,TITAN,Conch1_5,ann,fold_average,73,0.7422531512605042,0.8009453781512605,0.7773972602739725,0.7175311184694908,0.6405479311943054,0.031174603187493474,0.024369974281765093,"[[45, 11], [6, 12]]",,
PAIP-EV,TITAN,Conch1_5,knn,tcga_full,73,0.7342436974789917,0.7431722689075629,0.7808219178082192,0.7153996101364523,0.2,0.0,0.0,"[[46, 10], [6, 11]]",-0.001313025210084029,-0.010504201680672343
PAIP-EV,TITAN,Conch1_5,knn,fold_ensemble,73,0.7342436974789917,0.8035714285714286,0.7808219178082192,0.7153996101364523,0.2,,,"[[46, 10], [6, 11]]",,
PAIP-EV,TITAN,Conch1_5,knn,fold_average,73,0.7355567226890757,0.7536764705882353,0.7671232876712328,0.706831976365168,0.2,0.023477830710790605,0.028472975143760106,"[[44, 12], [6, 12]]",,
PAIP-EV,TITAN,Conch1_5,proto,tcga_full,73,0.7599789915966386,0.828781512605042,0.726027397260274,0.689625850340136,0.49410775303840637,0.0,0.0,"[[39, 17], [3, 14]]",0.02809873949579833,0.003676470588235281
PAIP-EV,TITAN,Conch1_5,proto,fold_ensemble,73,0.7599789915966386,0.8277310924369747,0.726027397260274,0.689625850340136,0.49410775303840637,,,"[[39, 17], [3, 14]]",,
PAIP-EV,TITAN,Conch1_5,proto,fold_average,73,0.7318802521008403,0.8251050420168067,0.6986301369863013,0.6623234843149646,0.49410775303840637,0.03522531214639591,0.008320892603862822,"[[38, 18], [4, 14]]",,
PAIP-EV,TITAN,Conch1_5,rf,tcga_full,73,0.7738445378151261,0.8367647058823529,0.8164383561643836,0.7574118134137449,0.14855835693998476,0.007549883540364049,0.00812566369992174,"[[48, 8], [5, 12]]",0.0092699579831933,-0.0001575630252101945
PAIP-EV,TITAN,Conch1_5,rf,fold_ensemble,73,0.7815126050420168,0.842436974789916,0.821917808219178,0.7646912968013886,0.14855835693998476,,,"[[48, 8], [5, 12]]",,
PAIP-EV,TITAN,Conch1_5,rf,fold_average,73,0.7645745798319328,0.836922268907563,0.8116438356164384,0.7500993146949562,0.14855835693998476,0.012403050475696552,0.018335399217133615,"[[48, 8], [6, 12]]",,
