gt_label,verdict,patch_count,pct_within_gt,pct_of_total
ADI,correct,10186,97.88,10.19
ADI,correct_subtype,0,0.0,0.0
ADI,incorrect,221,2.12,0.22
BACK,correct,0,0.0,0.0
BACK,correct_subtype,0,0.0,0.0
BACK,incorrect,10566,100.0,10.57
DEB,correct,10581,91.91,10.58
DEB,correct_subtype,0,0.0,0.0
DEB,incorrect,931,8.09,0.93
LYM,correct,10476,90.65,10.48
LYM,correct_subtype,945,8.18,0.94
LYM,incorrect,136,1.18,0.14
MUC,correct,8292,93.21,8.29
MUC,correct_subtype,0,0.0,0.0
MUC,incorrect,604,6.79,0.6
MUS,correct,12498,92.33,12.5
MUS,correct_subtype,75,0.55,0.08
MUS,incorrect,963,7.11,0.96
NORM,correct,2920,33.32,2.92
NORM,correct_subtype,0,0.0,0.0
NORM,incorrect,5843,66.68,5.84
STR,correct,4121,39.45,4.12
STR,correct_subtype,1084,10.38,1.08
STR,incorrect,5241,50.17,5.24
TUM,correct,0,0.0,0.0
TUM,correct_subtype,11500,80.32,11.5
TUM,incorrect,2817,19.68,2.82
ALL,correct,59074,59.07,59.07
ALL,correct_subtype,13604,13.6,13.6
ALL,incorrect,27322,27.32,27.32
TOTAL,—,100000,100.0,100.0
