DIAGNOSTIC,method,model,clf,scheme,tau,auroc,bacc,bacc_oracle,status
not-a-reportable-config,Averaging,Conch1_5,ann,a_frozen,0.464948,0.6644,0.5973,0.6661,ok
not-a-reportable-config,Averaging,ConchV1,ann,a_frozen,0.491625,0.6108,0.543,0.6055,ok
not-a-reportable-config,Averaging,H-Optimus-1,ann,a_frozen,0.523452,0.7263,0.592,0.7065,ok
not-a-reportable-config,Averaging,UNI2,ann,a_frozen,0.521781,0.7735,0.5133,0.7155,ok
not-a-reportable-config,Averaging,Virchow2,ann,a_frozen,0.404669,0.6709,0.5044,0.634,near_saturated
not-a-reportable-config,Caption_based_aggregation,Conch1_5,ann,a_frozen,0.396601,0.6728,0.6193,0.6391,ok
not-a-reportable-config,Caption_based_aggregation,ConchV1,ann,a_frozen,0.381523,0.6831,0.6058,0.666,ok
not-a-reportable-config,Caption_based_aggregation,H-Optimus-1,ann,a_frozen,0.385627,0.7842,0.6744,0.7433,ok
not-a-reportable-config,Caption_based_aggregation,UNI2,ann,a_frozen,0.416684,0.8519,0.5552,0.7833,ok
not-a-reportable-config,Caption_based_aggregation,Virchow2,ann,a_frozen,0.437362,0.7809,0.6984,0.7343,ok
not-a-reportable-config,Caption_based_aggregation_15_classes,Conch1_5,ann,a_frozen,0.391643,0.7213,0.6685,0.691,ok
not-a-reportable-config,Caption_based_aggregation_15_classes,ConchV1,ann,a_frozen,0.397118,0.7113,0.6343,0.6776,ok
not-a-reportable-config,Caption_based_aggregation_15_classes,H-Optimus-1,ann,a_frozen,0.328051,0.8137,0.5919,0.7593,ok
not-a-reportable-config,Caption_based_aggregation_15_classes,UNI2,ann,a_frozen,0.437247,0.8444,0.5819,0.7731,ok
not-a-reportable-config,Caption_based_aggregation_15_classes,Virchow2,ann,a_frozen,0.418184,0.7742,0.5311,0.7209,ok
not-a-reportable-config,Tissue_Type_Clustering,Conch1_5,ann,a_frozen,0.369529,0.6375,0.5526,0.6356,ok
not-a-reportable-config,Tissue_Type_Clustering,ConchV1,ann,a_frozen,0.541986,0.6901,0.5691,0.6492,ok
not-a-reportable-config,Tissue_Type_Clustering,H-Optimus-1,ann,a_frozen,0.363585,0.7578,0.6777,0.7308,ok
not-a-reportable-config,Tissue_Type_Clustering,UNI2,ann,a_frozen,0.326711,0.8177,0.5,0.7635,saturated
not-a-reportable-config,Tissue_Type_Clustering,Virchow2,ann,a_frozen,0.298731,0.7432,0.5655,0.6966,ok
not-a-reportable-config,Averaging,Conch1_5,lin,a_frozen,0.24614,0.5969,0.5137,0.6192,ok
not-a-reportable-config,Averaging,ConchV1,lin,a_frozen,0.116239,0.6142,0.5757,0.619,ok
not-a-reportable-config,Averaging,H-Optimus-1,lin,a_frozen,0.029568,0.5697,0.5609,0.5896,ok
not-a-reportable-config,Averaging,UNI2,lin,a_frozen,0.057889,0.7492,0.6875,0.7155,ok
not-a-reportable-config,Averaging,Virchow2,lin,a_frozen,0.015858,0.6515,0.6062,0.6284,ok
not-a-reportable-config,Caption_based_aggregation,Conch1_5,lin,a_frozen,0.005611,0.624,0.5595,0.6306,ok
not-a-reportable-config,Caption_based_aggregation,ConchV1,lin,a_frozen,0.003249,0.6662,0.5167,0.6517,near_dead
not-a-reportable-config,Caption_based_aggregation,H-Optimus-1,lin,a_frozen,0.064883,0.7362,0.5551,0.6974,ok
not-a-reportable-config,Caption_based_aggregation,UNI2,lin,a_frozen,0.014914,0.8543,0.769,0.7851,ok
not-a-reportable-config,Caption_based_aggregation,Virchow2,lin,a_frozen,0.001145,0.7613,0.6494,0.7165,ok
not-a-reportable-config,Caption_based_aggregation_15_classes,Conch1_5,lin,a_frozen,0.004225,0.6866,0.559,0.6922,ok
not-a-reportable-config,Caption_based_aggregation_15_classes,ConchV1,lin,a_frozen,0.015825,0.7387,0.4964,0.6976,near_dead
not-a-reportable-config,Caption_based_aggregation_15_classes,H-Optimus-1,lin,a_frozen,0.048111,0.7402,0.5298,0.6969,ok
not-a-reportable-config,Caption_based_aggregation_15_classes,UNI2,lin,a_frozen,0.0368,0.8563,0.775,0.7819,ok
not-a-reportable-config,Caption_based_aggregation_15_classes,Virchow2,lin,a_frozen,0.003017,0.7836,0.694,0.7287,ok
not-a-reportable-config,Tissue_Type_Clustering,Conch1_5,lin,a_frozen,0.004348,0.5633,0.5078,0.5723,ok
not-a-reportable-config,Tissue_Type_Clustering,ConchV1,lin,a_frozen,0.192962,0.6838,0.5074,0.6567,near_dead
not-a-reportable-config,Tissue_Type_Clustering,H-Optimus-1,lin,a_frozen,0.004365,0.7507,0.5066,0.7275,near_dead
not-a-reportable-config,Tissue_Type_Clustering,UNI2,lin,a_frozen,0.009665,0.8335,0.6944,0.7876,ok
not-a-reportable-config,Tissue_Type_Clustering,Virchow2,lin,a_frozen,0.000226,0.7195,0.6241,0.6799,ok
not-a-reportable-config,Averaging,Conch1_5,proto,a_frozen,0.503134,0.6397,0.5,0.635,dead
not-a-reportable-config,Averaging,ConchV1,proto,a_frozen,0.503328,0.6904,0.5,0.6544,dead
not-a-reportable-config,Averaging,H-Optimus-1,proto,a_frozen,0.497828,0.6519,0.5815,0.6181,ok
not-a-reportable-config,Averaging,UNI2,proto,a_frozen,0.499074,0.7598,0.5,0.7184,dead
not-a-reportable-config,Averaging,Virchow2,proto,a_frozen,0.500948,0.7053,0.5363,0.6766,ok
not-a-reportable-config,Caption_based_aggregation,Conch1_5,proto,a_frozen,0.502588,0.6556,0.5,0.6107,dead
not-a-reportable-config,Caption_based_aggregation,ConchV1,proto,a_frozen,0.499735,0.6738,0.5,0.6546,dead
not-a-reportable-config,Caption_based_aggregation,H-Optimus-1,proto,a_frozen,0.498154,0.7617,0.6168,0.7189,ok
not-a-reportable-config,Caption_based_aggregation,UNI2,proto,a_frozen,0.50458,0.8005,0.5,0.7412,dead
not-a-reportable-config,Caption_based_aggregation,Virchow2,proto,a_frozen,0.500678,0.6915,0.5149,0.6784,near_dead
not-a-reportable-config,Caption_based_aggregation_15_classes,Conch1_5,proto,a_frozen,0.50284,0.6737,0.5083,0.6558,near_dead
not-a-reportable-config,Caption_based_aggregation_15_classes,ConchV1,proto,a_frozen,0.500642,0.6963,0.5074,0.6812,near_dead
not-a-reportable-config,Caption_based_aggregation_15_classes,H-Optimus-1,proto,a_frozen,0.498109,0.7403,0.6746,0.702,ok
not-a-reportable-config,Caption_based_aggregation_15_classes,UNI2,proto,a_frozen,0.503225,0.7951,0.5,0.7257,dead
not-a-reportable-config,Caption_based_aggregation_15_classes,Virchow2,proto,a_frozen,0.500678,0.6882,0.5074,0.6881,near_dead
not-a-reportable-config,Tissue_Type_Clustering,Conch1_5,proto,a_frozen,0.502186,0.6137,0.5,0.6259,dead
not-a-reportable-config,Tissue_Type_Clustering,ConchV1,proto,a_frozen,0.499085,0.6428,0.5,0.6426,dead
not-a-reportable-config,Tissue_Type_Clustering,H-Optimus-1,proto,a_frozen,0.499118,0.7824,0.5083,0.7197,near_dead
not-a-reportable-config,Tissue_Type_Clustering,UNI2,proto,a_frozen,0.504689,0.7905,0.5,0.7243,dead
not-a-reportable-config,Tissue_Type_Clustering,Virchow2,proto,a_frozen,0.50043,0.7389,0.5,0.6874,dead
not-a-reportable-config,Averaging,Conch1_5,rf,c_quantile,0.167445,0.6525,0.5989,0.6375,ok
not-a-reportable-config,Averaging,ConchV1,rf,c_quantile,0.151027,0.5441,0.5357,0.56,ok
not-a-reportable-config,Averaging,H-Optimus-1,rf,c_quantile,0.14334,0.5979,0.553,0.585,ok
not-a-reportable-config,Averaging,UNI2,rf,c_quantile,0.178971,0.7722,0.6198,0.7181,ok
not-a-reportable-config,Averaging,Virchow2,rf,c_quantile,0.131406,0.6535,0.5941,0.6237,ok
not-a-reportable-config,Caption_based_aggregation,Conch1_5,rf,c_quantile,0.132794,0.6515,0.6045,0.6127,ok
not-a-reportable-config,Caption_based_aggregation,ConchV1,rf,c_quantile,0.130395,0.6727,0.6446,0.6557,ok
not-a-reportable-config,Caption_based_aggregation,H-Optimus-1,rf,c_quantile,0.145322,0.7411,0.6915,0.713,ok
not-a-reportable-config,Caption_based_aggregation,UNI2,rf,c_quantile,0.152443,0.8464,0.7504,0.7901,ok
not-a-reportable-config,Caption_based_aggregation,Virchow2,rf,c_quantile,0.124023,0.7237,0.6252,0.6642,ok
not-a-reportable-config,Caption_based_aggregation_15_classes,Conch1_5,rf,c_quantile,0.135824,0.6767,0.6404,0.6568,ok
not-a-reportable-config,Caption_based_aggregation_15_classes,ConchV1,rf,c_quantile,0.126346,0.6641,0.6276,0.6385,ok
not-a-reportable-config,Caption_based_aggregation_15_classes,H-Optimus-1,rf,c_quantile,0.142907,0.7652,0.7212,0.7275,ok
not-a-reportable-config,Caption_based_aggregation_15_classes,UNI2,rf,c_quantile,0.146976,0.8354,0.7332,0.7685,ok
not-a-reportable-config,Caption_based_aggregation_15_classes,Virchow2,rf,c_quantile,0.129204,0.7136,0.6479,0.6677,ok
not-a-reportable-config,Tissue_Type_Clustering,Conch1_5,rf,c_quantile,0.109313,0.6509,0.6086,0.6364,ok
not-a-reportable-config,Tissue_Type_Clustering,ConchV1,rf,c_quantile,0.125469,0.6445,0.5712,0.6263,ok
not-a-reportable-config,Tissue_Type_Clustering,H-Optimus-1,rf,c_quantile,0.115528,0.676,0.6335,0.6441,ok
not-a-reportable-config,Tissue_Type_Clustering,UNI2,rf,c_quantile,0.144646,0.8317,0.7786,0.783,ok
not-a-reportable-config,Tissue_Type_Clustering,Virchow2,rf,c_quantile,0.107518,0.7389,0.6649,0.6789,ok
