experiment,method,model,classifier,threshold_label,threshold,bacc,auroc,conf_matrix
PAIP-IV,Caption_based_aggregation,Conch1_5,lin,0.5,0.5,0.7946428571428572,0.8988095238095238,"[[21, 3], [2, 5]]"
PAIP-IV,Caption_based_aggregation,Conch1_5,lin,tau_TCGA,0.005611435547763556,0.7619047619047619,0.8988095238095238,"[[16, 8], [1, 6]]"
PAIP-IV,Caption_based_aggregation,Conch1_5,ann,0.5,0.5,0.6696428571428572,0.8452380952380952,"[[15, 9], [2, 5]]"
PAIP-IV,Caption_based_aggregation,Conch1_5,ann,tau_TCGA,0.39660125970840454,0.7202380952380952,0.8452380952380952,"[[14, 10], [1, 6]]"
PAIP-IV,Caption_based_aggregation,Conch1_5,knn,0.5,0.5,0.7738095238095238,0.8958333333333334,"[[20, 4], [2, 5]]"
PAIP-IV,Caption_based_aggregation,Conch1_5,knn,tau_TCGA,0.6666666666666666,0.8571428571428572,0.8958333333333334,"[[24, 0], [2, 5]]"
PAIP-IV,Caption_based_aggregation,Conch1_5,proto,0.5,0.5,0.7321428571428572,0.8452380952380952,"[[18, 6], [2, 5]]"
PAIP-IV,Caption_based_aggregation,Conch1_5,proto,tau_TCGA,0.5025880932807922,0.7946428571428572,0.8452380952380952,"[[21, 3], [2, 5]]"
PAIP-IV,Caption_based_aggregation,Conch1_5,rf,0.5,0.5,0.6428571428571428,0.8511904761904763,"[[24, 0], [5, 2]]"
PAIP-IV,Caption_based_aggregation,Conch1_5,rf,tau_TCGA,0.19005302487367703,0.75,0.8511904761904763,"[[12, 12], [0, 7]]"
