classifier,fold,WSI_ID,target,prob_pos,pred_at_0.5
lin,1,TCGA-5M-AAT4_nonMSIH,0,3.703410115782966e-07,0
lin,1,TCGA-5M-AAT6_MSIH,1,0.0035734958226838367,0
lin,1,TCGA-A6-2671_nonMSIH,0,2.255849669617098e-05,0
lin,1,TCGA-A6-2686_MSIH,1,0.0013018326445962821,0
lin,1,TCGA-A6-3807_nonMSIH,0,0.0003772118306079008,0
lin,1,TCGA-A6-5661_MSIH,1,0.012241308785014945,0
lin,1,TCGA-A6-6137_nonMSIH,0,0.0008942573724392556,0
lin,1,TCGA-A6-6651_nonMSIH,0,1.5412457667881988e-06,0
lin,1,TCGA-A6-6652_nonMSIH,0,1.90221350260964e-05,0
lin,1,TCGA-A6-6654_nonMSIH,0,0.00019389938216407662,0
lin,1,TCGA-A6-A565_nonMSIH,0,0.030928576857866992,0
lin,1,TCGA-A6-A567_nonMSIH,0,7.590941298503333e-07,0
lin,1,TCGA-AA-3679_nonMSIH,0,0.0394628035259072,0
lin,1,TCGA-AA-3680_nonMSIH,0,0.014209192708062963,0
lin,1,TCGA-AA-3684_nonMSIH,0,0.9897994872570984,1
lin,1,TCGA-AA-3688_nonMSIH,0,0.0010266692179858755,0
lin,1,TCGA-AA-3693_nonMSIH,0,8.749739896894978e-05,0
lin,1,TCGA-AA-3812_nonMSIH,0,0.0048397169288220965,0
lin,1,TCGA-AA-3818_nonMSIH,0,0.0010489971889894908,0
lin,1,TCGA-AA-3831_nonMSIH,0,0.0004996158562585235,0
lin,1,TCGA-AA-3833_MSIH,1,0.9808822310017267,1
lin,1,TCGA-AA-3837_nonMSIH,0,0.00015042933622420204,0
lin,1,TCGA-AA-3850_nonMSIH,0,0.07691002061331925,0
lin,1,TCGA-AA-3854_nonMSIH,0,0.015201622243457965,0
lin,1,TCGA-AA-3866_nonMSIH,0,0.036226825117205215,0
lin,1,TCGA-AA-3867_nonMSIH,0,0.020203051622711528,0
lin,1,TCGA-AA-3875_nonMSIH,0,0.0024008326214345703,0
lin,1,TCGA-AA-3947_MSIH,1,0.5192566256763455,1
lin,1,TCGA-AA-3949_MSIH,1,0.9988151153073862,1
lin,1,TCGA-AA-3979_nonMSIH,0,0.0011951401296448744,0
lin,1,TCGA-AA-3984_nonMSIH,0,0.047564209126421876,0
lin,1,TCGA-AA-3994_nonMSIH,0,0.24001498240160815,0
lin,1,TCGA-AA-A01S_nonMSIH,0,9.768404396948148e-05,0
lin,1,TCGA-AA-A01X_nonMSIH,0,0.00027647098239300686,0
lin,1,TCGA-AD-6888_nonMSIH,0,1.6508147005632198e-06,0
lin,1,TCGA-AD-6901_nonMSIH,0,0.17902567482096893,0
lin,1,TCGA-AD-6963_nonMSIH,0,0.0002036648334916693,0
lin,1,TCGA-AF-2687_nonMSIH,0,0.0003760666296381252,0
lin,1,TCGA-AF-4110_nonMSIH,0,6.454865200405565e-08,0
lin,1,TCGA-AF-6136_nonMSIH,0,3.5726379778739893e-06,0
lin,1,TCGA-AG-3726_nonMSIH,0,0.0039029425476867587,0
lin,1,TCGA-AG-3878_nonMSIH,0,0.10225560111742038,0
lin,1,TCGA-AG-3892_nonMSIH,0,0.6077962466430767,1
lin,1,TCGA-AG-4021_nonMSIH,0,0.4586200043465098,0
lin,1,TCGA-AG-4022_nonMSIH,0,0.1099017208958103,0
lin,1,TCGA-AG-A008_nonMSIH,0,0.0010624013202238428,0
lin,1,TCGA-AG-A011_nonMSIH,0,0.21383756330317094,0
lin,1,TCGA-AG-A01W_nonMSIH,0,0.000190132148093249,0
lin,1,TCGA-AG-A02N_MSIH,1,0.7884109271916963,1
lin,1,TCGA-AH-6903_nonMSIH,0,0.0031964709182598235,0
lin,1,TCGA-AY-6196_nonMSIH,0,0.9809796569869983,1
lin,1,TCGA-AY-A69D_nonMSIH,0,1.5420876130426327e-07,0
lin,1,TCGA-AZ-4614_nonMSIH,0,0.0016428468360741163,0
lin,1,TCGA-AZ-4615_MSIH,1,0.3693292346814299,0
lin,1,TCGA-AZ-6603_nonMSIH,0,4.454621136772245e-05,0
lin,1,TCGA-CA-5255_nonMSIH,0,0.6613575985606445,1
lin,1,TCGA-CA-5797_nonMSIH,0,8.250652800619789e-05,0
lin,1,TCGA-CI-6624_nonMSIH,0,0.00016403301430660376,0
lin,1,TCGA-CK-4947_nonMSIH,0,0.13052603845815547,0
lin,1,TCGA-CK-5916_MSIH,1,0.9578252332883685,1
lin,1,TCGA-CL-5917_nonMSIH,0,0.02266683895432183,0
lin,1,TCGA-CM-4743_MSIH,1,0.5446038751582798,1
lin,1,TCGA-CM-4744_nonMSIH,0,0.020218260721178733,0
lin,1,TCGA-CM-5344_nonMSIH,0,0.23619698449083623,0
lin,1,TCGA-CM-5868_nonMSIH,0,0.01176482729303787,0
lin,1,TCGA-CM-6165_nonMSIH,0,0.002762188465875978,0
lin,1,TCGA-CM-6678_nonMSIH,0,0.017799083896472282,0
lin,1,TCGA-D5-5537_nonMSIH,0,0.00019481912395749823,0
lin,1,TCGA-D5-6529_nonMSIH,0,0.006547587472718574,0
lin,1,TCGA-D5-6531_nonMSIH,0,0.01535205866068137,0
lin,1,TCGA-D5-6534_nonMSIH,0,0.0003298561378024351,0
lin,1,TCGA-D5-6539_nonMSIH,0,0.01911811045765514,0
lin,1,TCGA-D5-6540_MSIH,1,0.000509952346129143,0
lin,1,TCGA-D5-6541_nonMSIH,0,0.0016441932134328163,0
lin,1,TCGA-D5-6898_nonMSIH,0,0.0003726278774589294,0
lin,1,TCGA-D5-6927_MSIH,1,0.981529456297579,1
lin,1,TCGA-D5-6931_nonMSIH,0,0.9256521543481586,1
lin,1,TCGA-DC-6682_nonMSIH,0,0.006893282695736655,0
lin,1,TCGA-DM-A1D6_nonMSIH,0,0.0003104828381340785,0
lin,1,TCGA-DM-A1D8_nonMSIH,0,0.00041801315579419537,0
lin,1,TCGA-DM-A280_nonMSIH,0,0.0062049139347078435,0
lin,1,TCGA-DM-A288_nonMSIH,0,0.005695795838896538,0
lin,1,TCGA-DM-A28A_nonMSIH,0,1.4781900814335446e-05,0
lin,1,TCGA-DM-A28E_nonMSIH,0,2.7791146959385767e-06,0
lin,1,TCGA-DM-A28H_nonMSIH,0,1.6283485234517534e-05,0
lin,1,TCGA-DY-A1DD_nonMSIH,0,0.0002993105431670532,0
lin,1,TCGA-EI-6506_nonMSIH,0,0.0011289310342946475,0
lin,1,TCGA-EI-6507_MSIH,1,0.9612253096097574,1
lin,1,TCGA-EI-6514_nonMSIH,0,1.7902830562996654e-07,0
lin,1,TCGA-EI-6883_nonMSIH,0,0.00016114693180126484,0
lin,1,TCGA-F4-6808_nonMSIH,0,0.0001738405397584586,0
lin,1,TCGA-F4-6809_nonMSIH,0,0.006192648429387989,0
lin,1,TCGA-F5-6465_nonMSIH,0,1.9735021872005248e-05,0
lin,1,TCGA-F5-6811_nonMSIH,0,0.0001471196591663989,0
lin,1,TCGA-G4-6293_nonMSIH,0,0.007186475273636987,0
lin,1,TCGA-G4-6297_nonMSIH,0,0.002380826706397549,0
lin,1,TCGA-G4-6311_nonMSIH,0,0.0597825378874519,0
lin,1,TCGA-G4-6322_nonMSIH,0,0.3200620050881655,0
lin,1,TCGA-G4-6323_nonMSIH,0,7.988518509322768e-05,0
lin,1,TCGA-G4-6586_MSIH,1,0.9899871942961022,1
lin,1,TCGA-G4-6588_MSIH,1,0.9980817020262185,1
lin,1,TCGA-NH-A50V_nonMSIH,0,0.048266185602499366,0
lin,1,TCGA-QG-A5YX_nonMSIH,0,9.062920295252057e-06,0
lin,2,TCGA-4N-A93T_nonMSIH,0,2.1751215652777393e-05,0
lin,2,TCGA-A6-2685_nonMSIH,0,5.725619761920435e-05,0
lin,2,TCGA-A6-4107_nonMSIH,0,3.1201108427036516e-05,0
lin,2,TCGA-A6-5665_MSIH,1,0.9998285159240149,1
lin,2,TCGA-A6-6648_nonMSIH,0,4.07202026608223e-05,0
lin,2,TCGA-A6-6653_MSIH,1,0.9086852792086313,1
lin,2,TCGA-A6-A56B_nonMSIH,0,1.3419092561869615e-08,0
lin,2,TCGA-AA-3664_nonMSIH,0,0.0003056614080173947,0
lin,2,TCGA-AA-3673_nonMSIH,0,0.002234488296170203,0
lin,2,TCGA-AA-3681_nonMSIH,0,0.00012958963980072013,0
lin,2,TCGA-AA-3692_nonMSIH,0,0.0004668779456173013,0
lin,2,TCGA-AA-3811_MSIH,1,0.05788867176863622,0
lin,2,TCGA-AA-3821_MSIH,1,0.05930477009002771,0
lin,2,TCGA-AA-3842_nonMSIH,0,2.035911742715662e-05,0
lin,2,TCGA-AA-3845_MSIH,1,0.9931470863699975,1
lin,2,TCGA-AA-3856_nonMSIH,0,0.0002394121544236266,0
lin,2,TCGA-AA-3877_MSIH,1,0.20037833553821754,0
lin,2,TCGA-AA-3950_MSIH,1,0.8245969447637231,1
lin,2,TCGA-AA-3966_MSIH,1,0.6421678362146428,1
lin,2,TCGA-AA-3968_nonMSIH,0,0.000917588779429313,0
lin,2,TCGA-AA-3976_nonMSIH,0,4.994441434802468e-05,0
lin,2,TCGA-AA-3986_nonMSIH,0,0.029882458012201876,0
lin,2,TCGA-AA-A02E_nonMSIH,0,5.671367658325674e-05,0
lin,2,TCGA-AA-A02O_nonMSIH,0,0.002789267273980525,0
lin,2,TCGA-AD-5900_MSIH,1,0.4550114478341051,0
lin,2,TCGA-AD-6889_MSIH,1,0.20185881134437195,0
lin,2,TCGA-AD-6965_nonMSIH,0,6.853979236293849e-07,0
lin,2,TCGA-AF-2690_nonMSIH,0,0.0002522405878098604,0
lin,2,TCGA-AF-6655_nonMSIH,0,0.0007371180028210822,0
lin,2,TCGA-AF-A56L_nonMSIH,0,2.1957423570340044e-05,0
lin,2,TCGA-AF-A56N_nonMSIH,0,2.278318270549797e-08,0
lin,2,TCGA-AG-3894_nonMSIH,0,0.0002565797593190263,0
lin,2,TCGA-AG-3902_nonMSIH,0,0.007745483535575207,0
lin,2,TCGA-AG-4015_nonMSIH,0,0.0009137688003405818,0
lin,2,TCGA-AG-A002_nonMSIH,0,0.00878567561594074,0
lin,2,TCGA-AG-A00C_nonMSIH,0,3.176224146299061e-06,0
lin,2,TCGA-AG-A020_nonMSIH,0,0.03587599955274887,0
lin,2,TCGA-AG-A02X_nonMSIH,0,0.00043393469096182066,0
lin,2,TCGA-AH-6547_nonMSIH,0,1.8624652524357576e-05,0
lin,2,TCGA-AH-6644_nonMSIH,0,9.521988197110666e-06,0
lin,2,TCGA-AH-6897_nonMSIH,0,0.00044092819780957356,0
lin,2,TCGA-AU-3779_nonMSIH,0,3.7606213855873233e-07,0
lin,2,TCGA-AY-6386_nonMSIH,0,0.0016839943929122107,0
lin,2,TCGA-AY-A54L_nonMSIH,0,5.621814757422144e-07,0
lin,2,TCGA-AY-A71X_nonMSIH,0,0.3815377929143773,0
lin,2,TCGA-AY-A8YK_nonMSIH,0,4.1692836647604063e-07,0
lin,2,TCGA-AZ-4315_nonMSIH,0,0.5527532945112082,1
lin,2,TCGA-AZ-6598_MSIH,1,0.31913747178603796,0
lin,2,TCGA-AZ-6599_nonMSIH,0,0.00037790575687836087,0
lin,2,TCGA-AZ-6606_nonMSIH,0,0.005254279838174981,0
lin,2,TCGA-CA-5254_nonMSIH,0,0.00024815747967885956,0
lin,2,TCGA-CK-5915_nonMSIH,0,1.6215741811074908e-05,0
lin,2,TCGA-CL-5918_nonMSIH,0,8.039917097028586e-05,0
lin,2,TCGA-CM-4747_nonMSIH,0,0.0010020633971716813,0
lin,2,TCGA-CM-4750_nonMSIH,0,5.098858494707407e-07,0
lin,2,TCGA-CM-4752_nonMSIH,0,0.0006948044222279159,0
lin,2,TCGA-CM-5348_nonMSIH,0,0.00044571070170374533,0
lin,2,TCGA-CM-5860_nonMSIH,0,0.0022686973570096728,0
lin,2,TCGA-CM-5862_nonMSIH,0,0.004467504776880823,0
lin,2,TCGA-CM-5863_nonMSIH,0,0.020850786492910455,0
lin,2,TCGA-CM-5864_nonMSIH,0,9.812903180849782e-05,0
lin,2,TCGA-CM-6162_MSIH,1,0.028873930792448876,0
lin,2,TCGA-CM-6164_nonMSIH,0,6.693312989344929e-05,0
lin,2,TCGA-CM-6167_nonMSIH,0,0.03170037817400942,0
lin,2,TCGA-D5-5540_nonMSIH,0,0.00026669475164402577,0
lin,2,TCGA-D5-5541_nonMSIH,0,7.515883463472799e-05,0
lin,2,TCGA-D5-6533_nonMSIH,0,0.13292405330684504,0
lin,2,TCGA-D5-6926_nonMSIH,0,0.0061462767181827815,0
lin,2,TCGA-D5-6929_nonMSIH,0,9.597342126249457e-05,0
lin,2,TCGA-DC-5337_nonMSIH,0,0.0036335772416363943,0
lin,2,TCGA-DC-5869_nonMSIH,0,6.228165384625918e-05,0
lin,2,TCGA-DC-6154_MSIH,1,0.00010957625773569357,0
lin,2,TCGA-DC-6155_nonMSIH,0,0.0006174812037144022,0
lin,2,TCGA-DC-6158_nonMSIH,0,0.0019441829506467794,0
lin,2,TCGA-DM-A1D0_nonMSIH,0,9.486842481939593e-05,0
lin,2,TCGA-DM-A1D4_nonMSIH,0,0.006418344822061691,0
lin,2,TCGA-DM-A1DA_nonMSIH,0,7.257501342264317e-05,0
lin,2,TCGA-DM-A285_nonMSIH,0,0.003101782352984928,0
lin,2,TCGA-DM-A28F_nonMSIH,0,0.001693380680520202,0
lin,2,TCGA-DM-A28G_nonMSIH,0,5.070212208448186e-05,0
lin,2,TCGA-DM-A28M_nonMSIH,0,0.01958373816543405,0
lin,2,TCGA-DY-A1DF_nonMSIH,0,8.30416792186864e-05,0
lin,2,TCGA-DY-A1DG_nonMSIH,0,2.844798105911013e-07,0
lin,2,TCGA-EI-6509_nonMSIH,0,0.048340022157997764,0
lin,2,TCGA-EI-6881_nonMSIH,0,3.655937931201364e-05,0
lin,2,TCGA-EI-7004_nonMSIH,0,0.5825635041127428,1
lin,2,TCGA-F4-6463_nonMSIH,0,0.029019422930096142,0
lin,2,TCGA-F4-6807_nonMSIH,0,0.0052787715545975274,0
lin,2,TCGA-F4-6855_nonMSIH,0,0.027363011825845555,0
lin,2,TCGA-F5-6571_nonMSIH,0,1.2506839381272407e-05,0
lin,2,TCGA-F5-6702_nonMSIH,0,0.00010353135248006804,0
lin,2,TCGA-F5-6864_nonMSIH,0,8.407998910320122e-05,0
lin,2,TCGA-G4-6299_nonMSIH,0,0.012500417338205103,0
lin,2,TCGA-NH-A50U_nonMSIH,0,0.0017969720109944217,0
lin,2,TCGA-NH-A6GC_nonMSIH,0,0.0044741986664454,0
lin,2,TCGA-NH-A8F8_nonMSIH,0,0.003654475459522827,0
lin,2,TCGA-QG-A5YV_nonMSIH,0,8.055430327204821e-08,0
lin,3,TCGA-5M-AATE_nonMSIH,0,3.9245565853955716e-07,0
lin,3,TCGA-A6-2681_nonMSIH,0,0.012797237054450152,0
lin,3,TCGA-A6-5666_nonMSIH,0,2.668229888742065e-05,0
lin,3,TCGA-A6-5667_nonMSIH,0,8.466220575648268e-07,0
lin,3,TCGA-A6-6138_nonMSIH,0,0.28672363874007484,0
lin,3,TCGA-A6-6142_nonMSIH,0,0.00436643836916329,0
lin,3,TCGA-A6-6649_nonMSIH,0,0.00024037037508245054,0
lin,3,TCGA-AA-3667_nonMSIH,0,0.0006742241935519922,0
lin,3,TCGA-AA-3715_MSIH,1,0.9673124618719761,1
lin,3,TCGA-AA-3819_nonMSIH,0,2.7024484339515703e-05,0
lin,3,TCGA-AA-3844_nonMSIH,0,0.0017058820676342922,0
lin,3,TCGA-AA-3848_nonMSIH,0,0.0007568007478067043,0
lin,3,TCGA-AA-3852_nonMSIH,0,0.002715469977002829,0
lin,3,TCGA-AA-3858_nonMSIH,0,5.458454418656259e-05,0
lin,3,TCGA-AA-3864_MSIH,1,0.22299997104846328,0
lin,3,TCGA-AA-3956_nonMSIH,0,7.645758592175591e-06,0
lin,3,TCGA-AA-3973_nonMSIH,0,0.032202239403940326,0
lin,3,TCGA-AA-3975_nonMSIH,0,0.0006817675354222393,0
lin,3,TCGA-AA-3989_nonMSIH,0,0.0008112533501943939,0
lin,3,TCGA-AA-A010_nonMSIH,0,0.00679573075552747,0
lin,3,TCGA-AA-A01R_MSIH,1,0.546110650530793,1
lin,3,TCGA-AA-A01T_nonMSIH,0,0.00010403945710597109,0
lin,3,TCGA-AA-A01V_nonMSIH,0,0.00042892833690613496,0
lin,3,TCGA-AA-A01Z_nonMSIH,0,0.002462164112225298,0
lin,3,TCGA-AA-A024_nonMSIH,0,0.011021007949212453,0
lin,3,TCGA-AA-A02F_nonMSIH,0,0.059342708606238734,0
lin,3,TCGA-AA-A02H_nonMSIH,0,0.0009851568534965172,0
lin,3,TCGA-AA-A02Y_nonMSIH,0,0.002034117027249286,0
lin,3,TCGA-AA-A03F_nonMSIH,0,0.0005086000294579552,0
lin,3,TCGA-AD-6548_nonMSIH,0,0.4636375690656059,0
lin,3,TCGA-AD-6890_nonMSIH,0,0.014704398727640325,0
lin,3,TCGA-AD-A5EJ_MSIH,1,0.9603533327389925,1
lin,3,TCGA-AD-A5EK_nonMSIH,0,7.547885429761458e-05,0
lin,3,TCGA-AF-3911_nonMSIH,0,0.04157280766688186,0
lin,3,TCGA-AF-A56K_nonMSIH,0,0.00011029507676122246,0
lin,3,TCGA-AG-3882_nonMSIH,0,0.00021400256392181078,0
lin,3,TCGA-AG-3883_nonMSIH,0,0.00019733134689730529,0
lin,3,TCGA-AG-3887_nonMSIH,0,1.448696789387298e-05,0
lin,3,TCGA-AG-3890_nonMSIH,0,5.47155318859475e-05,0
lin,3,TCGA-AG-3898_nonMSIH,0,0.00012587430797763184,0
lin,3,TCGA-AG-3901_nonMSIH,0,0.0004301214256114623,0
lin,3,TCGA-AG-3909_nonMSIH,0,0.008056027242286394,0
lin,3,TCGA-AG-A016_nonMSIH,0,0.021401039131351853,0
lin,3,TCGA-AH-6643_nonMSIH,0,0.0408491475893057,0
lin,3,TCGA-AM-5820_nonMSIH,0,0.9731189531954298,1
lin,3,TCGA-AU-6004_MSIH,1,0.9737648964105285,1
lin,3,TCGA-AY-5543_nonMSIH,0,0.03629912469166019,0
lin,3,TCGA-AY-6197_MSIH,1,0.9987450164299867,1
lin,3,TCGA-AZ-4308_nonMSIH,0,0.5117119484135308,1
lin,3,TCGA-AZ-5407_nonMSIH,0,0.007614668443629678,0
lin,3,TCGA-AZ-6600_nonMSIH,0,0.38894993309447234,0
lin,3,TCGA-CA-5796_nonMSIH,0,0.00018979070117729755,0
lin,3,TCGA-CA-6715_nonMSIH,0,6.577852443106765e-06,0
lin,3,TCGA-CA-6717_nonMSIH,0,0.004614715772517764,0
lin,3,TCGA-CK-4950_nonMSIH,0,0.6840661557803126,1
lin,3,TCGA-CK-4951_MSIH,1,0.6352326934941647,1
lin,3,TCGA-CK-6746_MSIH,1,0.9846485970116022,1
lin,3,TCGA-CK-6751_nonMSIH,0,0.07304842659491884,0
lin,3,TCGA-CL-4957_nonMSIH,0,0.0004906138671050431,0
lin,3,TCGA-CM-4746_MSIH,1,0.000793354708294972,0
lin,3,TCGA-CM-4751_nonMSIH,0,0.7590752269809942,1
lin,3,TCGA-CM-5341_nonMSIH,0,0.001365687502223487,0
lin,3,TCGA-CM-5861_MSIH,1,0.8396006902793484,1
lin,3,TCGA-CM-6161_nonMSIH,0,0.0007898783195069896,0
lin,3,TCGA-CM-6170_nonMSIH,0,0.0004495456543713417,0
lin,3,TCGA-CM-6171_MSIH,1,0.005385435292760404,0
lin,3,TCGA-CM-6674_MSIH,1,0.5352884747143437,1
lin,3,TCGA-CM-6676_nonMSIH,0,0.000196688808159608,0
lin,3,TCGA-CM-6677_nonMSIH,0,0.021825545802361113,0
lin,3,TCGA-CM-6679_nonMSIH,0,0.008332007612224485,0
lin,3,TCGA-D5-5539_nonMSIH,0,0.054402237535422074,0
lin,3,TCGA-D5-6530_MSIH,1,0.752484407674385,1
lin,3,TCGA-D5-6536_nonMSIH,0,0.04785581753316575,0
lin,3,TCGA-D5-6928_MSIH,1,0.012423231902648511,0
lin,3,TCGA-D5-6930_MSIH,1,0.6844372963936288,1
lin,3,TCGA-D5-6932_nonMSIH,0,0.010722230542448731,0
lin,3,TCGA-DC-6681_nonMSIH,0,0.004395118774559246,0
lin,3,TCGA-DC-6683_nonMSIH,0,0.06836905061309455,0
lin,3,TCGA-DM-A0X9_nonMSIH,0,0.0003589974694326991,0
lin,3,TCGA-DM-A0XD_nonMSIH,0,0.0001331225125415957,0
lin,3,TCGA-DM-A0XF_nonMSIH,0,0.001056734672766871,0
lin,3,TCGA-DM-A1D7_nonMSIH,0,0.0017838490974875342,0
lin,3,TCGA-DM-A1DB_nonMSIH,0,3.9012737822147825e-05,0
lin,3,TCGA-DM-A1HA_nonMSIH,0,0.00028332297039657323,0
lin,3,TCGA-DM-A28K_nonMSIH,0,0.005359451758460296,0
lin,3,TCGA-DT-5265_nonMSIH,0,0.0030887022243494527,0
lin,3,TCGA-DY-A1DC_nonMSIH,0,0.0002216757418089628,0
lin,3,TCGA-EI-6508_nonMSIH,0,0.0037966279559157145,0
lin,3,TCGA-EI-6510_nonMSIH,0,0.026084381893310547,0
lin,3,TCGA-EI-6512_nonMSIH,0,0.012981538778302557,0
lin,3,TCGA-EI-6882_MSIH,1,0.00042001251388421176,0
lin,3,TCGA-EI-6885_nonMSIH,0,0.00046767738810004077,0
lin,3,TCGA-EI-7002_nonMSIH,0,6.236202411917557e-06,0
lin,3,TCGA-F4-6460_nonMSIH,0,2.5499264506747374e-07,0
lin,3,TCGA-F4-6570_MSIH,1,0.9975197430043907,1
lin,3,TCGA-F4-6704_nonMSIH,0,0.2527519995867004,0
lin,3,TCGA-F4-6854_nonMSIH,0,0.005394909302925787,0
lin,3,TCGA-F4-6856_MSIH,1,0.21943922929064255,0
lin,3,TCGA-F5-6464_nonMSIH,0,0.04932729357932952,0
lin,3,TCGA-F5-6863_nonMSIH,0,3.5236903313022926e-05,0
lin,3,TCGA-G4-6298_nonMSIH,0,0.03627033949017952,0
lin,3,TCGA-G4-6302_MSIH,1,0.9654078557404896,1
lin,3,TCGA-G4-6309_MSIH,1,0.8884836764701036,1
lin,3,TCGA-G4-6315_nonMSIH,0,0.0008986927724239482,0
lin,3,TCGA-G4-6317_nonMSIH,0,0.035726212084702044,0
lin,3,TCGA-G4-6626_nonMSIH,0,0.014188412398275015,0
lin,3,TCGA-G4-6627_nonMSIH,0,0.0519230611021195,0
lin,3,TCGA-G5-6641_nonMSIH,0,0.2219414711532028,0
lin,3,TCGA-NH-A50T_nonMSIH,0,0.031035601539575117,0
lin,3,TCGA-NH-A6GB_nonMSIH,0,0.0002806746393197312,0
lin,3,TCGA-QG-A5Z1_nonMSIH,0,0.000512586620270212,0
lin,3,TCGA-SS-A7HO_nonMSIH,0,1.2726079680817889e-06,0
lin,4,TCGA-3L-AA1B_nonMSIH,0,7.0081590532862505e-09,0
lin,4,TCGA-A6-4105_nonMSIH,0,0.011285032782397428,0
lin,4,TCGA-A6-5657_nonMSIH,0,0.0073460050072276075,0
lin,4,TCGA-A6-5660_nonMSIH,0,0.00024945010464276615,0
lin,4,TCGA-A6-5662_nonMSIH,0,0.004277560467589766,0
lin,4,TCGA-A6-5664_nonMSIH,0,0.00022955627417156925,0
lin,4,TCGA-A6-A566_nonMSIH,0,0.31070037510717946,0
lin,4,TCGA-AA-3666_nonMSIH,0,7.887568933508426e-05,0
lin,4,TCGA-AA-3678_nonMSIH,0,0.0027542440425717745,0
lin,4,TCGA-AA-3696_nonMSIH,0,0.0003169464466277921,0
lin,4,TCGA-AA-3814_nonMSIH,0,0.00012598463557125618,0
lin,4,TCGA-AA-3846_nonMSIH,0,0.00318097486695197,0
lin,4,TCGA-AA-3851_nonMSIH,0,0.0016121722229823748,0
lin,4,TCGA-AA-3855_nonMSIH,0,0.015204495560274858,0
lin,4,TCGA-AA-3952_nonMSIH,0,0.054250554751164554,0
lin,4,TCGA-AA-3971_nonMSIH,0,0.0004778899769966952,0
lin,4,TCGA-AA-3982_nonMSIH,0,0.0010270859724058163,0
lin,4,TCGA-AA-A01P_MSIH,1,0.9991633389076298,1
lin,4,TCGA-AA-A03J_nonMSIH,0,0.0010790448159357648,0
lin,4,TCGA-AD-6964_MSIH,1,0.9895997584166683,1
lin,4,TCGA-AF-2693_nonMSIH,0,0.030285251315964573,0
lin,4,TCGA-AF-6672_nonMSIH,0,6.37861580382141e-06,0
lin,4,TCGA-AG-3727_nonMSIH,0,0.00037820482863591974,0
lin,4,TCGA-AG-3885_nonMSIH,0,0.0004072571318554185,0
lin,4,TCGA-AG-3893_nonMSIH,0,0.000510455110916035,0
lin,4,TCGA-AG-3896_nonMSIH,0,0.00010845122555428424,0
lin,4,TCGA-AG-4001_nonMSIH,0,0.009996672645311533,0
lin,4,TCGA-AG-4008_nonMSIH,0,0.005095910302012273,0
lin,4,TCGA-AG-A015_nonMSIH,0,0.006038278195908333,0
lin,4,TCGA-AG-A01L_nonMSIH,0,3.065888013184144e-05,0
lin,4,TCGA-AG-A01N_nonMSIH,0,2.9528951192404182e-05,0
lin,4,TCGA-AG-A01Y_nonMSIH,0,0.013746683676827541,0
lin,4,TCGA-AG-A026_nonMSIH,0,0.00024789388712973583,0
lin,4,TCGA-AH-6544_nonMSIH,0,0.004200624705257968,0
lin,4,TCGA-AM-5821_MSIH,1,0.03603195890726456,0
lin,4,TCGA-AY-4070_nonMSIH,0,0.01879996771282821,0
lin,4,TCGA-AY-4071_nonMSIH,0,0.7566087338829814,1
lin,4,TCGA-AZ-4616_nonMSIH,0,0.007157298373074769,0
lin,4,TCGA-AZ-4681_nonMSIH,0,0.0010269355432632667,0
lin,4,TCGA-AZ-4682_nonMSIH,0,8.478609378032977e-05,0
lin,4,TCGA-AZ-5403_nonMSIH,0,5.323889173807805e-05,0
lin,4,TCGA-AZ-6605_nonMSIH,0,0.0002171100347614311,0
lin,4,TCGA-CA-5256_nonMSIH,0,9.706565191234894e-09,0
lin,4,TCGA-CA-6716_nonMSIH,0,8.564688290294911e-06,0
lin,4,TCGA-CA-6718_nonMSIH,0,0.8606226993728978,1
lin,4,TCGA-CA-6719_nonMSIH,0,1.5676306391961936e-05,0
lin,4,TCGA-CI-6622_nonMSIH,0,0.032339208737025664,0
lin,4,TCGA-CK-4948_nonMSIH,0,0.006936220037452033,0
lin,4,TCGA-CK-4952_nonMSIH,0,0.47571043281110226,0
lin,4,TCGA-CK-5912_nonMSIH,0,0.00028517921475298676,0
lin,4,TCGA-CK-5913_MSIH,1,0.3017343722391499,0
lin,4,TCGA-CK-5914_nonMSIH,0,0.00011501847834707342,0
lin,4,TCGA-CK-6747_MSIH,1,0.0004689113355235344,0
lin,4,TCGA-CK-6748_nonMSIH,0,0.0015809308060546763,0
lin,4,TCGA-CM-5349_nonMSIH,0,0.02077967563672708,0
lin,4,TCGA-CM-6163_nonMSIH,0,0.02343950173435411,0
lin,4,TCGA-CM-6166_nonMSIH,0,0.0008394604071524763,0
lin,4,TCGA-CM-6168_nonMSIH,0,0.15923239188334812,0
lin,4,TCGA-CM-6169_nonMSIH,0,0.009668588592132828,0
lin,4,TCGA-CM-6172_nonMSIH,0,0.010231482286709705,0
lin,4,TCGA-CM-6675_nonMSIH,0,0.658530254533571,1
lin,4,TCGA-D5-5538_nonMSIH,0,0.01047781772472704,0
lin,4,TCGA-D5-6532_nonMSIH,0,0.01687805169101078,0
lin,4,TCGA-D5-6535_nonMSIH,0,0.012384387027346858,0
lin,4,TCGA-D5-6537_nonMSIH,0,0.0008576094598356443,0
lin,4,TCGA-D5-6538_nonMSIH,0,0.0024554185105346888,0
lin,4,TCGA-D5-6920_nonMSIH,0,0.047454477111574016,0
lin,4,TCGA-D5-6922_nonMSIH,0,0.0035913712850352856,0
lin,4,TCGA-D5-6924_nonMSIH,0,0.0012276319176370534,0
lin,4,TCGA-DC-4745_nonMSIH,0,0.00563615247862636,0
lin,4,TCGA-DC-4749_nonMSIH,0,6.9395416319065575e-06,0
lin,4,TCGA-DC-6157_nonMSIH,0,4.936268326389451e-06,0
lin,4,TCGA-DC-6160_nonMSIH,0,6.0967156719507074e-06,0
lin,4,TCGA-DM-A1D9_nonMSIH,0,0.004969505306623754,0
lin,4,TCGA-DM-A282_nonMSIH,0,0.00032121120665539577,0
lin,4,TCGA-DY-A0XA_nonMSIH,0,2.0168079981701185e-09,0
lin,4,TCGA-EF-5830_nonMSIH,0,0.0001782999615289925,0
lin,4,TCGA-EI-6511_nonMSIH,0,0.052941752042343616,0
lin,4,TCGA-EI-6513_nonMSIH,0,0.03609021300518867,0
lin,4,TCGA-EI-6884_nonMSIH,0,0.036510692353014,0
lin,4,TCGA-F4-6459_nonMSIH,0,0.0004056109031142608,0
lin,4,TCGA-F4-6461_nonMSIH,0,0.2051638463611078,0
lin,4,TCGA-F4-6569_nonMSIH,0,0.0020650908155581374,0
lin,4,TCGA-F4-6703_MSIH,1,0.11622457612932338,0
lin,4,TCGA-F4-6805_nonMSIH,0,0.01652065323682139,0
lin,4,TCGA-F4-6806_nonMSIH,0,8.442188001188217e-05,0
lin,4,TCGA-G4-6294_nonMSIH,0,0.002848916033568594,0
lin,4,TCGA-G4-6295_nonMSIH,0,0.015669985940353532,0
lin,4,TCGA-G4-6303_nonMSIH,0,0.001392207318950367,0
lin,4,TCGA-G4-6304_MSIH,1,0.8571260148406593,1
lin,4,TCGA-G4-6306_nonMSIH,0,0.00015163373280438998,0
lin,4,TCGA-G4-6307_nonMSIH,0,5.200904320208925e-07,0
lin,4,TCGA-G4-6320_MSIH,1,0.0014656148403933277,0
lin,4,TCGA-G4-6321_nonMSIH,0,0.061151794425968,0
lin,4,TCGA-G4-6628_MSIH,1,0.7897516806452168,1
lin,4,TCGA-NH-A5IV_MSIH,1,0.001063377500208422,0
lin,4,TCGA-NH-A6GA_nonMSIH,0,2.488040813528811e-06,0
lin,4,TCGA-QG-A5YW_nonMSIH,0,0.005633089881278082,0
lin,4,TCGA-QG-A5Z2_MSIH,1,0.0008263422796566118,0
lin,4,TCGA-QL-A97D_nonMSIH,0,8.45814008415949e-05,0
lin,4,TCGA-WS-AB45_MSIH,1,0.0633911036798678,0
ann,1,TCGA-5M-AAT4_nonMSIH,0,0.09562820196151733,0
ann,1,TCGA-5M-AAT6_MSIH,1,0.9959369897842407,1
ann,1,TCGA-A6-2671_nonMSIH,0,0.3229556977748871,0
ann,1,TCGA-A6-2686_MSIH,1,0.3344952464103699,0
ann,1,TCGA-A6-3807_nonMSIH,0,0.211015984416008,0
ann,1,TCGA-A6-5661_MSIH,1,0.2756654620170593,0
ann,1,TCGA-A6-6137_nonMSIH,0,0.32209303975105286,0
ann,1,TCGA-A6-6651_nonMSIH,0,0.09059475362300873,0
ann,1,TCGA-A6-6652_nonMSIH,0,0.22987578809261322,0
ann,1,TCGA-A6-6654_nonMSIH,0,0.1237935945391655,0
ann,1,TCGA-A6-A565_nonMSIH,0,0.9506768584251404,1
ann,1,TCGA-A6-A567_nonMSIH,0,0.2536400258541107,0
ann,1,TCGA-AA-3679_nonMSIH,0,0.25887784361839294,0
ann,1,TCGA-AA-3680_nonMSIH,0,0.1539585292339325,0
ann,1,TCGA-AA-3684_nonMSIH,0,0.8949262499809265,1
ann,1,TCGA-AA-3688_nonMSIH,0,0.15287281572818756,0
ann,1,TCGA-AA-3693_nonMSIH,0,0.1267314851284027,0
ann,1,TCGA-AA-3812_nonMSIH,0,0.19933702051639557,0
ann,1,TCGA-AA-3818_nonMSIH,0,0.1693199723958969,0
ann,1,TCGA-AA-3831_nonMSIH,0,0.16326738893985748,0
ann,1,TCGA-AA-3833_MSIH,1,0.9899662733078003,1
ann,1,TCGA-AA-3837_nonMSIH,0,0.10106344521045685,0
ann,1,TCGA-AA-3850_nonMSIH,0,0.1431041806936264,0
ann,1,TCGA-AA-3854_nonMSIH,0,0.18676918745040894,0
ann,1,TCGA-AA-3866_nonMSIH,0,0.2600443661212921,0
ann,1,TCGA-AA-3867_nonMSIH,0,0.25594261288642883,0
ann,1,TCGA-AA-3875_nonMSIH,0,0.2546279728412628,0
ann,1,TCGA-AA-3947_MSIH,1,0.3900109529495239,0
ann,1,TCGA-AA-3949_MSIH,1,0.9959830045700073,1
ann,1,TCGA-AA-3979_nonMSIH,0,0.14397378265857697,0
ann,1,TCGA-AA-3984_nonMSIH,0,0.26349908113479614,0
ann,1,TCGA-AA-3994_nonMSIH,0,0.2299901396036148,0
ann,1,TCGA-AA-A01S_nonMSIH,0,0.10548128932714462,0
ann,1,TCGA-AA-A01X_nonMSIH,0,0.08831389993429184,0
ann,1,TCGA-AD-6888_nonMSIH,0,0.04888777807354927,0
ann,1,TCGA-AD-6901_nonMSIH,0,0.3216803967952728,0
ann,1,TCGA-AD-6963_nonMSIH,0,0.16192060708999634,0
ann,1,TCGA-AF-2687_nonMSIH,0,0.17057834565639496,0
ann,1,TCGA-AF-4110_nonMSIH,0,0.217128187417984,0
ann,1,TCGA-AF-6136_nonMSIH,0,0.10443601757287979,0
ann,1,TCGA-AG-3726_nonMSIH,0,0.11996643990278244,0
ann,1,TCGA-AG-3878_nonMSIH,0,0.20521973073482513,0
ann,1,TCGA-AG-3892_nonMSIH,0,0.48394957184791565,0
ann,1,TCGA-AG-4021_nonMSIH,0,0.7785932421684265,1
ann,1,TCGA-AG-4022_nonMSIH,0,0.4378201961517334,0
ann,1,TCGA-AG-A008_nonMSIH,0,0.1843717098236084,0
ann,1,TCGA-AG-A011_nonMSIH,0,0.5095487236976624,1
ann,1,TCGA-AG-A01W_nonMSIH,0,0.15856850147247314,0
ann,1,TCGA-AG-A02N_MSIH,1,0.8872897028923035,1
ann,1,TCGA-AH-6903_nonMSIH,0,0.4202137291431427,0
ann,1,TCGA-AY-6196_nonMSIH,0,0.9909896850585938,1
ann,1,TCGA-AY-A69D_nonMSIH,0,0.4475769102573395,0
ann,1,TCGA-AZ-4614_nonMSIH,0,0.2876748740673065,0
ann,1,TCGA-AZ-4615_MSIH,1,0.5617367625236511,1
ann,1,TCGA-AZ-6603_nonMSIH,0,0.17059901356697083,0
ann,1,TCGA-CA-5255_nonMSIH,0,0.8264688849449158,1
ann,1,TCGA-CA-5797_nonMSIH,0,0.15238186717033386,0
ann,1,TCGA-CI-6624_nonMSIH,0,0.47017228603363037,0
ann,1,TCGA-CK-4947_nonMSIH,0,0.9666106700897217,1
ann,1,TCGA-CK-5916_MSIH,1,0.9982885718345642,1
ann,1,TCGA-CL-5917_nonMSIH,0,0.5260679721832275,1
ann,1,TCGA-CM-4743_MSIH,1,0.8814616799354553,1
ann,1,TCGA-CM-4744_nonMSIH,0,0.34760862588882446,0
ann,1,TCGA-CM-5344_nonMSIH,0,0.3499392867088318,0
ann,1,TCGA-CM-5868_nonMSIH,0,0.12182962149381638,0
ann,1,TCGA-CM-6165_nonMSIH,0,0.19546248018741608,0
ann,1,TCGA-CM-6678_nonMSIH,0,0.27398133277893066,0
ann,1,TCGA-D5-5537_nonMSIH,0,0.11435625702142715,0
ann,1,TCGA-D5-6529_nonMSIH,0,0.1386420577764511,0
ann,1,TCGA-D5-6531_nonMSIH,0,0.9200511574745178,1
ann,1,TCGA-D5-6534_nonMSIH,0,0.16303004324436188,0
ann,1,TCGA-D5-6539_nonMSIH,0,0.5195878148078918,1
ann,1,TCGA-D5-6540_MSIH,1,0.14355355501174927,0
ann,1,TCGA-D5-6541_nonMSIH,0,0.2612421214580536,0
ann,1,TCGA-D5-6898_nonMSIH,0,0.17758387327194214,0
ann,1,TCGA-D5-6927_MSIH,1,0.9969384670257568,1
ann,1,TCGA-D5-6931_nonMSIH,0,0.8682609796524048,1
ann,1,TCGA-DC-6682_nonMSIH,0,0.28871744871139526,0
ann,1,TCGA-DM-A1D6_nonMSIH,0,0.11093035340309143,0
ann,1,TCGA-DM-A1D8_nonMSIH,0,0.15118637681007385,0
ann,1,TCGA-DM-A280_nonMSIH,0,0.39960670471191406,0
ann,1,TCGA-DM-A288_nonMSIH,0,0.3153442144393921,0
ann,1,TCGA-DM-A28A_nonMSIH,0,0.08386264741420746,0
ann,1,TCGA-DM-A28E_nonMSIH,0,0.2526026964187622,0
ann,1,TCGA-DM-A28H_nonMSIH,0,0.35159075260162354,0
ann,1,TCGA-DY-A1DD_nonMSIH,0,0.09571188688278198,0
ann,1,TCGA-EI-6506_nonMSIH,0,0.09365405887365341,0
ann,1,TCGA-EI-6507_MSIH,1,0.979740560054779,1
ann,1,TCGA-EI-6514_nonMSIH,0,0.047286562621593475,0
ann,1,TCGA-EI-6883_nonMSIH,0,0.06520005315542221,0
ann,1,TCGA-F4-6808_nonMSIH,0,0.09146100282669067,0
ann,1,TCGA-F4-6809_nonMSIH,0,0.2045953869819641,0
ann,1,TCGA-F5-6465_nonMSIH,0,0.14629457890987396,0
ann,1,TCGA-F5-6811_nonMSIH,0,0.10270234197378159,0
ann,1,TCGA-G4-6293_nonMSIH,0,0.2201056182384491,0
ann,1,TCGA-G4-6297_nonMSIH,0,0.16051934659481049,0
ann,1,TCGA-G4-6311_nonMSIH,0,0.8329102993011475,1
ann,1,TCGA-G4-6322_nonMSIH,0,0.8353800773620605,1
ann,1,TCGA-G4-6323_nonMSIH,0,0.16860045492649078,0
ann,1,TCGA-G4-6586_MSIH,1,0.9967371821403503,1
ann,1,TCGA-G4-6588_MSIH,1,0.9989944100379944,1
ann,1,TCGA-NH-A50V_nonMSIH,0,0.1762544810771942,0
ann,1,TCGA-QG-A5YX_nonMSIH,0,0.32426851987838745,0
ann,2,TCGA-4N-A93T_nonMSIH,0,0.2758789658546448,0
ann,2,TCGA-A6-2685_nonMSIH,0,0.4582977890968323,0
ann,2,TCGA-A6-4107_nonMSIH,0,0.20767329633235931,0
ann,2,TCGA-A6-5665_MSIH,1,0.9807741045951843,1
ann,2,TCGA-A6-6648_nonMSIH,0,0.31036460399627686,0
ann,2,TCGA-A6-6653_MSIH,1,0.8910844326019287,1
ann,2,TCGA-A6-A56B_nonMSIH,0,0.3238365948200226,0
ann,2,TCGA-AA-3664_nonMSIH,0,0.22928594052791595,0
ann,2,TCGA-AA-3673_nonMSIH,0,0.24726338684558868,0
ann,2,TCGA-AA-3681_nonMSIH,0,0.19165921211242676,0
ann,2,TCGA-AA-3692_nonMSIH,0,0.31649112701416016,0
ann,2,TCGA-AA-3811_MSIH,1,0.6478719115257263,1
ann,2,TCGA-AA-3821_MSIH,1,0.3322787284851074,0
ann,2,TCGA-AA-3842_nonMSIH,0,0.1680142879486084,0
ann,2,TCGA-AA-3845_MSIH,1,0.937690019607544,1
ann,2,TCGA-AA-3856_nonMSIH,0,0.18129920959472656,0
ann,2,TCGA-AA-3877_MSIH,1,0.47876325249671936,0
ann,2,TCGA-AA-3950_MSIH,1,0.9684450626373291,1
ann,2,TCGA-AA-3966_MSIH,1,0.8339060544967651,1
ann,2,TCGA-AA-3968_nonMSIH,0,0.26702070236206055,0
ann,2,TCGA-AA-3976_nonMSIH,0,0.18962348997592926,0
ann,2,TCGA-AA-3986_nonMSIH,0,0.3476356267929077,0
ann,2,TCGA-AA-A02E_nonMSIH,0,0.1722877025604248,0
ann,2,TCGA-AA-A02O_nonMSIH,0,0.3401891589164734,0
ann,2,TCGA-AD-5900_MSIH,1,0.7356323003768921,1
ann,2,TCGA-AD-6889_MSIH,1,0.27144068479537964,0
ann,2,TCGA-AD-6965_nonMSIH,0,0.1735650897026062,0
ann,2,TCGA-AF-2690_nonMSIH,0,0.29988589882850647,0
ann,2,TCGA-AF-6655_nonMSIH,0,0.25024861097335815,0
ann,2,TCGA-AF-A56L_nonMSIH,0,0.534888744354248,1
ann,2,TCGA-AF-A56N_nonMSIH,0,0.2748827636241913,0
ann,2,TCGA-AG-3894_nonMSIH,0,0.25924739241600037,0
ann,2,TCGA-AG-3902_nonMSIH,0,0.3096088171005249,0
ann,2,TCGA-AG-4015_nonMSIH,0,0.21974097192287445,0
ann,2,TCGA-AG-A002_nonMSIH,0,0.7034177184104919,1
ann,2,TCGA-AG-A00C_nonMSIH,0,0.11385222524404526,0
ann,2,TCGA-AG-A020_nonMSIH,0,0.5011242628097534,1
ann,2,TCGA-AG-A02X_nonMSIH,0,0.2314998060464859,0
ann,2,TCGA-AH-6547_nonMSIH,0,0.24469581246376038,0
ann,2,TCGA-AH-6644_nonMSIH,0,0.24776527285575867,0
ann,2,TCGA-AH-6897_nonMSIH,0,0.16672103106975555,0
ann,2,TCGA-AU-3779_nonMSIH,0,0.13825549185276031,0
ann,2,TCGA-AY-6386_nonMSIH,0,0.2791385352611542,0
ann,2,TCGA-AY-A54L_nonMSIH,0,0.30906006693840027,0
ann,2,TCGA-AY-A71X_nonMSIH,0,0.9343808889389038,1
ann,2,TCGA-AY-A8YK_nonMSIH,0,0.3541596233844757,0
ann,2,TCGA-AZ-4315_nonMSIH,0,0.6691086888313293,1
ann,2,TCGA-AZ-6598_MSIH,1,0.9591829180717468,1
ann,2,TCGA-AZ-6599_nonMSIH,0,0.1724023073911667,0
ann,2,TCGA-AZ-6606_nonMSIH,0,0.44331151247024536,0
ann,2,TCGA-CA-5254_nonMSIH,0,0.14217987656593323,0
ann,2,TCGA-CK-5915_nonMSIH,0,0.25019654631614685,0
ann,2,TCGA-CL-5918_nonMSIH,0,0.2772350013256073,0
ann,2,TCGA-CM-4747_nonMSIH,0,0.28586941957473755,0
ann,2,TCGA-CM-4750_nonMSIH,0,0.13375209271907806,0
ann,2,TCGA-CM-4752_nonMSIH,0,0.28386256098747253,0
ann,2,TCGA-CM-5348_nonMSIH,0,0.1833188533782959,0
ann,2,TCGA-CM-5860_nonMSIH,0,0.22377516329288483,0
ann,2,TCGA-CM-5862_nonMSIH,0,0.4855203926563263,0
ann,2,TCGA-CM-5863_nonMSIH,0,0.6094778776168823,1
ann,2,TCGA-CM-5864_nonMSIH,0,0.1784157156944275,0
ann,2,TCGA-CM-6162_MSIH,1,0.612458348274231,1
ann,2,TCGA-CM-6164_nonMSIH,0,0.1862458437681198,0
ann,2,TCGA-CM-6167_nonMSIH,0,0.3086780309677124,0
ann,2,TCGA-D5-5540_nonMSIH,0,0.2777376174926758,0
ann,2,TCGA-D5-5541_nonMSIH,0,0.23980343341827393,0
ann,2,TCGA-D5-6533_nonMSIH,0,0.43993934988975525,0
ann,2,TCGA-D5-6926_nonMSIH,0,0.25637713074684143,0
ann,2,TCGA-D5-6929_nonMSIH,0,0.19841623306274414,0
ann,2,TCGA-DC-5337_nonMSIH,0,0.17204445600509644,0
ann,2,TCGA-DC-5869_nonMSIH,0,0.25601300597190857,0
ann,2,TCGA-DC-6154_MSIH,1,0.23070871829986572,0
ann,2,TCGA-DC-6155_nonMSIH,0,0.2070801854133606,0
ann,2,TCGA-DC-6158_nonMSIH,0,0.1642867773771286,0
ann,2,TCGA-DM-A1D0_nonMSIH,0,0.21744181215763092,0
ann,2,TCGA-DM-A1D4_nonMSIH,0,0.25245022773742676,0
ann,2,TCGA-DM-A1DA_nonMSIH,0,0.2619527280330658,0
ann,2,TCGA-DM-A285_nonMSIH,0,0.3813682198524475,0
ann,2,TCGA-DM-A28F_nonMSIH,0,0.2341136932373047,0
ann,2,TCGA-DM-A28G_nonMSIH,0,0.2874135673046112,0
ann,2,TCGA-DM-A28M_nonMSIH,0,0.26667529344558716,0
ann,2,TCGA-DY-A1DF_nonMSIH,0,0.2987072765827179,0
ann,2,TCGA-DY-A1DG_nonMSIH,0,0.1806032806634903,0
ann,2,TCGA-EI-6509_nonMSIH,0,0.2729485332965851,0
ann,2,TCGA-EI-6881_nonMSIH,0,0.08561640977859497,0
ann,2,TCGA-EI-7004_nonMSIH,0,0.7878554463386536,1
ann,2,TCGA-F4-6463_nonMSIH,0,0.6148449182510376,1
ann,2,TCGA-F4-6807_nonMSIH,0,0.3592586815357208,0
ann,2,TCGA-F4-6855_nonMSIH,0,0.5217218399047852,1
ann,2,TCGA-F5-6571_nonMSIH,0,0.2858457565307617,0
ann,2,TCGA-F5-6702_nonMSIH,0,0.2904638946056366,0
ann,2,TCGA-F5-6864_nonMSIH,0,0.26430273056030273,0
ann,2,TCGA-G4-6299_nonMSIH,0,0.7880862355232239,1
ann,2,TCGA-NH-A50U_nonMSIH,0,0.7589754462242126,1
ann,2,TCGA-NH-A6GC_nonMSIH,0,0.7878441214561462,1
ann,2,TCGA-NH-A8F8_nonMSIH,0,0.46239495277404785,0
ann,2,TCGA-QG-A5YV_nonMSIH,0,0.21107549965381622,0
ann,3,TCGA-5M-AATE_nonMSIH,0,0.16129955649375916,0
ann,3,TCGA-A6-2681_nonMSIH,0,0.48506447672843933,0
ann,3,TCGA-A6-5666_nonMSIH,0,0.4419068694114685,0
ann,3,TCGA-A6-5667_nonMSIH,0,0.19236569106578827,0
ann,3,TCGA-A6-6138_nonMSIH,0,0.8643491864204407,1
ann,3,TCGA-A6-6142_nonMSIH,0,0.32047778367996216,0
ann,3,TCGA-A6-6649_nonMSIH,0,0.2368093729019165,0
ann,3,TCGA-AA-3667_nonMSIH,0,0.17982394993305206,0
ann,3,TCGA-AA-3715_MSIH,1,0.9870918989181519,1
ann,3,TCGA-AA-3819_nonMSIH,0,0.13330939412117004,0
ann,3,TCGA-AA-3844_nonMSIH,0,0.2690465748310089,0
ann,3,TCGA-AA-3848_nonMSIH,0,0.23373663425445557,0
ann,3,TCGA-AA-3852_nonMSIH,0,0.2825189530849457,0
ann,3,TCGA-AA-3858_nonMSIH,0,0.19397957623004913,0
ann,3,TCGA-AA-3864_MSIH,1,0.5374006628990173,1
ann,3,TCGA-AA-3956_nonMSIH,0,0.19053693115711212,0
ann,3,TCGA-AA-3973_nonMSIH,0,0.4174519181251526,0
ann,3,TCGA-AA-3975_nonMSIH,0,0.30717772245407104,0
ann,3,TCGA-AA-3989_nonMSIH,0,0.23370634019374847,0
ann,3,TCGA-AA-A010_nonMSIH,0,0.3998167812824249,0
ann,3,TCGA-AA-A01R_MSIH,1,0.9607883095741272,1
ann,3,TCGA-AA-A01T_nonMSIH,0,0.2839752733707428,0
ann,3,TCGA-AA-A01V_nonMSIH,0,0.15664057433605194,0
ann,3,TCGA-AA-A01Z_nonMSIH,0,0.40829434990882874,0
ann,3,TCGA-AA-A024_nonMSIH,0,0.25045207142829895,0
ann,3,TCGA-AA-A02F_nonMSIH,0,0.3836882710456848,0
ann,3,TCGA-AA-A02H_nonMSIH,0,0.19619441032409668,0
ann,3,TCGA-AA-A02Y_nonMSIH,0,0.20994415879249573,0
ann,3,TCGA-AA-A03F_nonMSIH,0,0.27781936526298523,0
ann,3,TCGA-AD-6548_nonMSIH,0,0.6719415187835693,1
ann,3,TCGA-AD-6890_nonMSIH,0,0.38456612825393677,0
ann,3,TCGA-AD-A5EJ_MSIH,1,0.9781832695007324,1
ann,3,TCGA-AD-A5EK_nonMSIH,0,0.20174676179885864,0
ann,3,TCGA-AF-3911_nonMSIH,0,0.5169421434402466,1
ann,3,TCGA-AF-A56K_nonMSIH,0,0.27404341101646423,0
ann,3,TCGA-AG-3882_nonMSIH,0,0.17639149725437164,0
ann,3,TCGA-AG-3883_nonMSIH,0,0.19262707233428955,0
ann,3,TCGA-AG-3887_nonMSIH,0,0.15292295813560486,0
ann,3,TCGA-AG-3890_nonMSIH,0,0.15662015974521637,0
ann,3,TCGA-AG-3898_nonMSIH,0,0.2502923011779785,0
ann,3,TCGA-AG-3901_nonMSIH,0,0.17557521164417267,0
ann,3,TCGA-AG-3909_nonMSIH,0,0.4080391526222229,0
ann,3,TCGA-AG-A016_nonMSIH,0,0.41405200958251953,0
ann,3,TCGA-AH-6643_nonMSIH,0,0.5565423965454102,1
ann,3,TCGA-AM-5820_nonMSIH,0,0.8282974362373352,1
ann,3,TCGA-AU-6004_MSIH,1,0.9199215173721313,1
ann,3,TCGA-AY-5543_nonMSIH,0,0.6647054553031921,1
ann,3,TCGA-AY-6197_MSIH,1,0.9910693168640137,1
ann,3,TCGA-AZ-4308_nonMSIH,0,0.24606995284557343,0
ann,3,TCGA-AZ-5407_nonMSIH,0,0.5604650378227234,1
ann,3,TCGA-AZ-6600_nonMSIH,0,0.8130679130554199,1
ann,3,TCGA-CA-5796_nonMSIH,0,0.16257403790950775,0
ann,3,TCGA-CA-6715_nonMSIH,0,0.5953124761581421,1
ann,3,TCGA-CA-6717_nonMSIH,0,0.372080534696579,0
ann,3,TCGA-CK-4950_nonMSIH,0,0.8464391231536865,1
ann,3,TCGA-CK-4951_MSIH,1,0.8171576857566833,1
ann,3,TCGA-CK-6746_MSIH,1,0.9531709551811218,1
ann,3,TCGA-CK-6751_nonMSIH,0,0.469889760017395,0
ann,3,TCGA-CL-4957_nonMSIH,0,0.15406881272792816,0
ann,3,TCGA-CM-4746_MSIH,1,0.23908895254135132,0
ann,3,TCGA-CM-4751_nonMSIH,0,0.534238338470459,1
ann,3,TCGA-CM-5341_nonMSIH,0,0.18003268539905548,0
ann,3,TCGA-CM-5861_MSIH,1,0.7674843072891235,1
ann,3,TCGA-CM-6161_nonMSIH,0,0.2176665961742401,0
ann,3,TCGA-CM-6170_nonMSIH,0,0.1454996019601822,0
ann,3,TCGA-CM-6171_MSIH,1,0.6170871257781982,1
ann,3,TCGA-CM-6674_MSIH,1,0.5976083278656006,1
ann,3,TCGA-CM-6676_nonMSIH,0,0.2406253069639206,0
ann,3,TCGA-CM-6677_nonMSIH,0,0.23632535338401794,0
ann,3,TCGA-CM-6679_nonMSIH,0,0.20136138796806335,0
ann,3,TCGA-D5-5539_nonMSIH,0,0.6527992486953735,1
ann,3,TCGA-D5-6530_MSIH,1,0.7057264447212219,1
ann,3,TCGA-D5-6536_nonMSIH,0,0.878261923789978,1
ann,3,TCGA-D5-6928_MSIH,1,0.6527183055877686,1
ann,3,TCGA-D5-6930_MSIH,1,0.6186361908912659,1
ann,3,TCGA-D5-6932_nonMSIH,0,0.520742654800415,1
ann,3,TCGA-DC-6681_nonMSIH,0,0.2777749001979828,0
ann,3,TCGA-DC-6683_nonMSIH,0,0.4965730905532837,0
ann,3,TCGA-DM-A0X9_nonMSIH,0,0.3467237949371338,0
ann,3,TCGA-DM-A0XD_nonMSIH,0,0.23414385318756104,0
ann,3,TCGA-DM-A0XF_nonMSIH,0,0.21877576410770416,0
ann,3,TCGA-DM-A1D7_nonMSIH,0,0.20331168174743652,0
ann,3,TCGA-DM-A1DB_nonMSIH,0,0.25999969244003296,0
ann,3,TCGA-DM-A1HA_nonMSIH,0,0.2876966595649719,0
ann,3,TCGA-DM-A28K_nonMSIH,0,0.4372538924217224,0
ann,3,TCGA-DT-5265_nonMSIH,0,0.8048908710479736,1
ann,3,TCGA-DY-A1DC_nonMSIH,0,0.3478735387325287,0
ann,3,TCGA-EI-6508_nonMSIH,0,0.29701170325279236,0
ann,3,TCGA-EI-6510_nonMSIH,0,0.4008837640285492,0
ann,3,TCGA-EI-6512_nonMSIH,0,0.24875497817993164,0
ann,3,TCGA-EI-6882_MSIH,1,0.5330765843391418,1
ann,3,TCGA-EI-6885_nonMSIH,0,0.4157124161720276,0
ann,3,TCGA-EI-7002_nonMSIH,0,0.264396071434021,0
ann,3,TCGA-F4-6460_nonMSIH,0,0.12205182015895844,0
ann,3,TCGA-F4-6570_MSIH,1,0.9634271264076233,1
ann,3,TCGA-F4-6704_nonMSIH,0,0.6191271543502808,1
ann,3,TCGA-F4-6854_nonMSIH,0,0.2764536440372467,0
ann,3,TCGA-F4-6856_MSIH,1,0.4116836488246918,0
ann,3,TCGA-F5-6464_nonMSIH,0,0.40802058577537537,0
ann,3,TCGA-F5-6863_nonMSIH,0,0.14639411866664886,0
ann,3,TCGA-G4-6298_nonMSIH,0,0.7032479047775269,1
ann,3,TCGA-G4-6302_MSIH,1,0.9159759879112244,1
ann,3,TCGA-G4-6309_MSIH,1,0.8708828091621399,1
ann,3,TCGA-G4-6315_nonMSIH,0,0.23613779246807098,0
ann,3,TCGA-G4-6317_nonMSIH,0,0.45557865500450134,0
ann,3,TCGA-G4-6626_nonMSIH,0,0.452881395816803,0
ann,3,TCGA-G4-6627_nonMSIH,0,0.293195515871048,0
ann,3,TCGA-G5-6641_nonMSIH,0,0.6863008737564087,1
ann,3,TCGA-NH-A50T_nonMSIH,0,0.21032877266407013,0
ann,3,TCGA-NH-A6GB_nonMSIH,0,0.21947990357875824,0
ann,3,TCGA-QG-A5Z1_nonMSIH,0,0.2561679482460022,0
ann,3,TCGA-SS-A7HO_nonMSIH,0,0.18286730349063873,0
ann,4,TCGA-3L-AA1B_nonMSIH,0,0.1740960329771042,0
ann,4,TCGA-A6-4105_nonMSIH,0,0.1705779731273651,0
ann,4,TCGA-A6-5657_nonMSIH,0,0.2949429154396057,0
ann,4,TCGA-A6-5660_nonMSIH,0,0.14310993254184723,0
ann,4,TCGA-A6-5662_nonMSIH,0,0.3861142694950104,0
ann,4,TCGA-A6-5664_nonMSIH,0,0.31662502884864807,0
ann,4,TCGA-A6-A566_nonMSIH,0,0.8820196986198425,1
ann,4,TCGA-AA-3666_nonMSIH,0,0.1118091270327568,0
ann,4,TCGA-AA-3678_nonMSIH,0,0.19165055453777313,0
ann,4,TCGA-AA-3696_nonMSIH,0,0.15135733783245087,0
ann,4,TCGA-AA-3814_nonMSIH,0,0.18158335983753204,0
ann,4,TCGA-AA-3846_nonMSIH,0,0.2419101446866989,0
ann,4,TCGA-AA-3851_nonMSIH,0,0.28552478551864624,0
ann,4,TCGA-AA-3855_nonMSIH,0,0.35014763474464417,0
ann,4,TCGA-AA-3952_nonMSIH,0,0.9122997522354126,1
ann,4,TCGA-AA-3971_nonMSIH,0,0.24306565523147583,0
ann,4,TCGA-AA-3982_nonMSIH,0,0.18524958193302155,0
ann,4,TCGA-AA-A01P_MSIH,1,0.9990266561508179,1
ann,4,TCGA-AA-A03J_nonMSIH,0,0.1349787563085556,0
ann,4,TCGA-AD-6964_MSIH,1,0.9734824299812317,1
ann,4,TCGA-AF-2693_nonMSIH,0,0.4787803292274475,0
ann,4,TCGA-AF-6672_nonMSIH,0,0.16022683680057526,0
ann,4,TCGA-AG-3727_nonMSIH,0,0.49792641401290894,0
ann,4,TCGA-AG-3885_nonMSIH,0,0.11074979603290558,0
ann,4,TCGA-AG-3893_nonMSIH,0,0.18307393789291382,0
ann,4,TCGA-AG-3896_nonMSIH,0,0.16402868926525116,0
ann,4,TCGA-AG-4001_nonMSIH,0,0.44035738706588745,0
ann,4,TCGA-AG-4008_nonMSIH,0,0.35260942578315735,0
ann,4,TCGA-AG-A015_nonMSIH,0,0.19459031522274017,0
ann,4,TCGA-AG-A01L_nonMSIH,0,0.0790666863322258,0
ann,4,TCGA-AG-A01N_nonMSIH,0,0.10408101975917816,0
ann,4,TCGA-AG-A01Y_nonMSIH,0,0.2976980209350586,0
ann,4,TCGA-AG-A026_nonMSIH,0,0.19608916342258453,0
ann,4,TCGA-AH-6544_nonMSIH,0,0.2699557840824127,0
ann,4,TCGA-AM-5821_MSIH,1,0.4498540163040161,0
ann,4,TCGA-AY-4070_nonMSIH,0,0.6499135494232178,1
ann,4,TCGA-AY-4071_nonMSIH,0,0.8882055282592773,1
ann,4,TCGA-AZ-4616_nonMSIH,0,0.4463275372982025,0
ann,4,TCGA-AZ-4681_nonMSIH,0,0.5729525685310364,1
ann,4,TCGA-AZ-4682_nonMSIH,0,0.17708054184913635,0
ann,4,TCGA-AZ-5403_nonMSIH,0,0.23996269702911377,0
ann,4,TCGA-AZ-6605_nonMSIH,0,0.15201956033706665,0
ann,4,TCGA-CA-5256_nonMSIH,0,0.08592201769351959,0
ann,4,TCGA-CA-6716_nonMSIH,0,0.08204710483551025,0
ann,4,TCGA-CA-6718_nonMSIH,0,0.6923654079437256,1
ann,4,TCGA-CA-6719_nonMSIH,0,0.06996642798185349,0
ann,4,TCGA-CI-6622_nonMSIH,0,0.4919588565826416,0
ann,4,TCGA-CK-4948_nonMSIH,0,0.6480034589767456,1
ann,4,TCGA-CK-4952_nonMSIH,0,0.8613264560699463,1
ann,4,TCGA-CK-5912_nonMSIH,0,0.1326703131198883,0
ann,4,TCGA-CK-5913_MSIH,1,0.8952481150627136,1
ann,4,TCGA-CK-5914_nonMSIH,0,0.28290289640426636,0
ann,4,TCGA-CK-6747_MSIH,1,0.2989092767238617,0
ann,4,TCGA-CK-6748_nonMSIH,0,0.48037534952163696,0
ann,4,TCGA-CM-5349_nonMSIH,0,0.3065878748893738,0
ann,4,TCGA-CM-6163_nonMSIH,0,0.2671467959880829,0
ann,4,TCGA-CM-6166_nonMSIH,0,0.3900771141052246,0
ann,4,TCGA-CM-6168_nonMSIH,0,0.5182862877845764,1
ann,4,TCGA-CM-6169_nonMSIH,0,0.5453513264656067,1
ann,4,TCGA-CM-6172_nonMSIH,0,0.42906641960144043,0
ann,4,TCGA-CM-6675_nonMSIH,0,0.5668354630470276,1
ann,4,TCGA-D5-5538_nonMSIH,0,0.18502213060855865,0
ann,4,TCGA-D5-6532_nonMSIH,0,0.45164209604263306,0
ann,4,TCGA-D5-6535_nonMSIH,0,0.3341500163078308,0
ann,4,TCGA-D5-6537_nonMSIH,0,0.30981332063674927,0
ann,4,TCGA-D5-6538_nonMSIH,0,0.21871782839298248,0
ann,4,TCGA-D5-6920_nonMSIH,0,0.3954455852508545,0
ann,4,TCGA-D5-6922_nonMSIH,0,0.3471909165382385,0
ann,4,TCGA-D5-6924_nonMSIH,0,0.30573636293411255,0
ann,4,TCGA-DC-4745_nonMSIH,0,0.1665116548538208,0
ann,4,TCGA-DC-4749_nonMSIH,0,0.14286020398139954,0
ann,4,TCGA-DC-6157_nonMSIH,0,0.17293986678123474,0
ann,4,TCGA-DC-6160_nonMSIH,0,0.2048230916261673,0
ann,4,TCGA-DM-A1D9_nonMSIH,0,0.2257184088230133,0
ann,4,TCGA-DM-A282_nonMSIH,0,0.23134998977184296,0
ann,4,TCGA-DY-A0XA_nonMSIH,0,0.16145527362823486,0
ann,4,TCGA-EF-5830_nonMSIH,0,0.4115790128707886,0
ann,4,TCGA-EI-6511_nonMSIH,0,0.2721991240978241,0
ann,4,TCGA-EI-6513_nonMSIH,0,0.4674307107925415,0
ann,4,TCGA-EI-6884_nonMSIH,0,0.868028461933136,1
ann,4,TCGA-F4-6459_nonMSIH,0,0.164409339427948,0
ann,4,TCGA-F4-6461_nonMSIH,0,0.5234240889549255,1
ann,4,TCGA-F4-6569_nonMSIH,0,0.33140575885772705,0
ann,4,TCGA-F4-6703_MSIH,1,0.6845666170120239,1
ann,4,TCGA-F4-6805_nonMSIH,0,0.4015134274959564,0
ann,4,TCGA-F4-6806_nonMSIH,0,0.29661130905151367,0
ann,4,TCGA-G4-6294_nonMSIH,0,0.22139032185077667,0
ann,4,TCGA-G4-6295_nonMSIH,0,0.21971000730991364,0
ann,4,TCGA-G4-6303_nonMSIH,0,0.1401776373386383,0
ann,4,TCGA-G4-6304_MSIH,1,0.8786729574203491,1
ann,4,TCGA-G4-6306_nonMSIH,0,0.15607458353042603,0
ann,4,TCGA-G4-6307_nonMSIH,0,0.08313869684934616,0
ann,4,TCGA-G4-6320_MSIH,1,0.17884688079357147,0
ann,4,TCGA-G4-6321_nonMSIH,0,0.5877000093460083,1
ann,4,TCGA-G4-6628_MSIH,1,0.9870850443840027,1
ann,4,TCGA-NH-A5IV_MSIH,1,0.34406694769859314,0
ann,4,TCGA-NH-A6GA_nonMSIH,0,0.12117932736873627,0
ann,4,TCGA-QG-A5YW_nonMSIH,0,0.5406392216682434,1
ann,4,TCGA-QG-A5Z2_MSIH,1,0.30340251326560974,0
ann,4,TCGA-QL-A97D_nonMSIH,0,0.1560281217098236,0
ann,4,TCGA-WS-AB45_MSIH,1,0.7860947251319885,1
knn,1,TCGA-5M-AAT4_nonMSIH,0,0.0,0
knn,1,TCGA-5M-AAT6_MSIH,1,0.0,0
knn,1,TCGA-A6-2671_nonMSIH,0,0.0,0
knn,1,TCGA-A6-2686_MSIH,1,0.0,0
knn,1,TCGA-A6-3807_nonMSIH,0,0.0,0
knn,1,TCGA-A6-5661_MSIH,1,0.0,0
knn,1,TCGA-A6-6137_nonMSIH,0,0.0,0
knn,1,TCGA-A6-6651_nonMSIH,0,0.0,0
knn,1,TCGA-A6-6652_nonMSIH,0,0.0,0
knn,1,TCGA-A6-6654_nonMSIH,0,0.0,0
knn,1,TCGA-A6-A565_nonMSIH,0,0.3333333333333333,0
knn,1,TCGA-A6-A567_nonMSIH,0,0.0,0
knn,1,TCGA-AA-3679_nonMSIH,0,0.0,0
knn,1,TCGA-AA-3680_nonMSIH,0,0.0,0
knn,1,TCGA-AA-3684_nonMSIH,0,0.6666666666666666,1
knn,1,TCGA-AA-3688_nonMSIH,0,0.0,0
knn,1,TCGA-AA-3693_nonMSIH,0,0.0,0
knn,1,TCGA-AA-3812_nonMSIH,0,0.0,0
knn,1,TCGA-AA-3818_nonMSIH,0,0.0,0
knn,1,TCGA-AA-3831_nonMSIH,0,0.0,0
knn,1,TCGA-AA-3833_MSIH,1,0.3333333333333333,0
knn,1,TCGA-AA-3837_nonMSIH,0,0.0,0
knn,1,TCGA-AA-3850_nonMSIH,0,0.0,0
knn,1,TCGA-AA-3854_nonMSIH,0,0.0,0
knn,1,TCGA-AA-3866_nonMSIH,0,0.0,0
knn,1,TCGA-AA-3867_nonMSIH,0,0.0,0
knn,1,TCGA-AA-3875_nonMSIH,0,0.0,0
knn,1,TCGA-AA-3947_MSIH,1,0.0,0
knn,1,TCGA-AA-3949_MSIH,1,0.6666666666666666,1
knn,1,TCGA-AA-3979_nonMSIH,0,0.0,0
knn,1,TCGA-AA-3984_nonMSIH,0,0.0,0
knn,1,TCGA-AA-3994_nonMSIH,0,0.3333333333333333,0
knn,1,TCGA-AA-A01S_nonMSIH,0,0.3333333333333333,0
knn,1,TCGA-AA-A01X_nonMSIH,0,0.0,0
knn,1,TCGA-AD-6888_nonMSIH,0,0.3333333333333333,0
knn,1,TCGA-AD-6901_nonMSIH,0,0.3333333333333333,0
knn,1,TCGA-AD-6963_nonMSIH,0,0.0,0
knn,1,TCGA-AF-2687_nonMSIH,0,0.0,0
knn,1,TCGA-AF-4110_nonMSIH,0,0.0,0
knn,1,TCGA-AF-6136_nonMSIH,0,0.0,0
knn,1,TCGA-AG-3726_nonMSIH,0,0.0,0
knn,1,TCGA-AG-3878_nonMSIH,0,0.0,0
knn,1,TCGA-AG-3892_nonMSIH,0,0.0,0
knn,1,TCGA-AG-4021_nonMSIH,0,0.3333333333333333,0
knn,1,TCGA-AG-4022_nonMSIH,0,0.3333333333333333,0
knn,1,TCGA-AG-A008_nonMSIH,0,0.0,0
knn,1,TCGA-AG-A011_nonMSIH,0,0.0,0
knn,1,TCGA-AG-A01W_nonMSIH,0,0.3333333333333333,0
knn,1,TCGA-AG-A02N_MSIH,1,0.0,0
knn,1,TCGA-AH-6903_nonMSIH,0,0.3333333333333333,0
knn,1,TCGA-AY-6196_nonMSIH,0,0.3333333333333333,0
knn,1,TCGA-AY-A69D_nonMSIH,0,0.0,0
knn,1,TCGA-AZ-4614_nonMSIH,0,0.3333333333333333,0
knn,1,TCGA-AZ-4615_MSIH,1,0.3333333333333333,0
knn,1,TCGA-AZ-6603_nonMSIH,0,0.0,0
knn,1,TCGA-CA-5255_nonMSIH,0,0.0,0
knn,1,TCGA-CA-5797_nonMSIH,0,0.0,0
knn,1,TCGA-CI-6624_nonMSIH,0,0.0,0
knn,1,TCGA-CK-4947_nonMSIH,0,0.3333333333333333,0
knn,1,TCGA-CK-5916_MSIH,1,0.6666666666666666,1
knn,1,TCGA-CL-5917_nonMSIH,0,0.3333333333333333,0
knn,1,TCGA-CM-4743_MSIH,1,0.3333333333333333,0
knn,1,TCGA-CM-4744_nonMSIH,0,0.3333333333333333,0
knn,1,TCGA-CM-5344_nonMSIH,0,0.0,0
knn,1,TCGA-CM-5868_nonMSIH,0,0.0,0
knn,1,TCGA-CM-6165_nonMSIH,0,0.0,0
knn,1,TCGA-CM-6678_nonMSIH,0,0.0,0
knn,1,TCGA-D5-5537_nonMSIH,0,0.0,0
knn,1,TCGA-D5-6529_nonMSIH,0,0.3333333333333333,0
knn,1,TCGA-D5-6531_nonMSIH,0,0.0,0
knn,1,TCGA-D5-6534_nonMSIH,0,0.0,0
knn,1,TCGA-D5-6539_nonMSIH,0,0.0,0
knn,1,TCGA-D5-6540_MSIH,1,0.0,0
knn,1,TCGA-D5-6541_nonMSIH,0,0.0,0
knn,1,TCGA-D5-6898_nonMSIH,0,0.0,0
knn,1,TCGA-D5-6927_MSIH,1,0.0,0
knn,1,TCGA-D5-6931_nonMSIH,0,0.3333333333333333,0
knn,1,TCGA-DC-6682_nonMSIH,0,0.3333333333333333,0
knn,1,TCGA-DM-A1D6_nonMSIH,0,0.0,0
knn,1,TCGA-DM-A1D8_nonMSIH,0,0.0,0
knn,1,TCGA-DM-A280_nonMSIH,0,0.0,0
knn,1,TCGA-DM-A288_nonMSIH,0,0.0,0
knn,1,TCGA-DM-A28A_nonMSIH,0,0.0,0
knn,1,TCGA-DM-A28E_nonMSIH,0,0.0,0
knn,1,TCGA-DM-A28H_nonMSIH,0,0.0,0
knn,1,TCGA-DY-A1DD_nonMSIH,0,0.0,0
knn,1,TCGA-EI-6506_nonMSIH,0,0.0,0
knn,1,TCGA-EI-6507_MSIH,1,0.6666666666666666,1
knn,1,TCGA-EI-6514_nonMSIH,0,0.0,0
knn,1,TCGA-EI-6883_nonMSIH,0,0.0,0
knn,1,TCGA-F4-6808_nonMSIH,0,0.0,0
knn,1,TCGA-F4-6809_nonMSIH,0,0.0,0
knn,1,TCGA-F5-6465_nonMSIH,0,0.0,0
knn,1,TCGA-F5-6811_nonMSIH,0,0.0,0
knn,1,TCGA-G4-6293_nonMSIH,0,0.0,0
knn,1,TCGA-G4-6297_nonMSIH,0,0.0,0
knn,1,TCGA-G4-6311_nonMSIH,0,0.3333333333333333,0
knn,1,TCGA-G4-6322_nonMSIH,0,0.3333333333333333,0
knn,1,TCGA-G4-6323_nonMSIH,0,0.0,0
knn,1,TCGA-G4-6586_MSIH,1,0.3333333333333333,0
knn,1,TCGA-G4-6588_MSIH,1,0.3333333333333333,0
knn,1,TCGA-NH-A50V_nonMSIH,0,0.3333333333333333,0
knn,1,TCGA-QG-A5YX_nonMSIH,0,0.3333333333333333,0
knn,2,TCGA-4N-A93T_nonMSIH,0,0.0,0
knn,2,TCGA-A6-2685_nonMSIH,0,0.3333333333333333,0
knn,2,TCGA-A6-4107_nonMSIH,0,0.0,0
knn,2,TCGA-A6-5665_MSIH,1,0.6666666666666666,1
knn,2,TCGA-A6-6648_nonMSIH,0,0.3333333333333333,0
knn,2,TCGA-A6-6653_MSIH,1,0.3333333333333333,0
knn,2,TCGA-A6-A56B_nonMSIH,0,0.0,0
knn,2,TCGA-AA-3664_nonMSIH,0,0.0,0
knn,2,TCGA-AA-3673_nonMSIH,0,0.0,0
knn,2,TCGA-AA-3681_nonMSIH,0,0.0,0
knn,2,TCGA-AA-3692_nonMSIH,0,0.0,0
knn,2,TCGA-AA-3811_MSIH,1,0.3333333333333333,0
knn,2,TCGA-AA-3821_MSIH,1,0.0,0
knn,2,TCGA-AA-3842_nonMSIH,0,0.0,0
knn,2,TCGA-AA-3845_MSIH,1,0.3333333333333333,0
knn,2,TCGA-AA-3856_nonMSIH,0,0.0,0
knn,2,TCGA-AA-3877_MSIH,1,0.3333333333333333,0
knn,2,TCGA-AA-3950_MSIH,1,0.3333333333333333,0
knn,2,TCGA-AA-3966_MSIH,1,0.6666666666666666,1
knn,2,TCGA-AA-3968_nonMSIH,0,0.0,0
knn,2,TCGA-AA-3976_nonMSIH,0,0.0,0
knn,2,TCGA-AA-3986_nonMSIH,0,0.0,0
knn,2,TCGA-AA-A02E_nonMSIH,0,0.0,0
knn,2,TCGA-AA-A02O_nonMSIH,0,0.3333333333333333,0
knn,2,TCGA-AD-5900_MSIH,1,0.0,0
knn,2,TCGA-AD-6889_MSIH,1,0.0,0
knn,2,TCGA-AD-6965_nonMSIH,0,0.0,0
knn,2,TCGA-AF-2690_nonMSIH,0,0.0,0
knn,2,TCGA-AF-6655_nonMSIH,0,0.0,0
knn,2,TCGA-AF-A56L_nonMSIH,0,0.3333333333333333,0
knn,2,TCGA-AF-A56N_nonMSIH,0,0.0,0
knn,2,TCGA-AG-3894_nonMSIH,0,0.0,0
knn,2,TCGA-AG-3902_nonMSIH,0,0.0,0
knn,2,TCGA-AG-4015_nonMSIH,0,0.0,0
knn,2,TCGA-AG-A002_nonMSIH,0,0.0,0
knn,2,TCGA-AG-A00C_nonMSIH,0,0.0,0
knn,2,TCGA-AG-A020_nonMSIH,0,0.3333333333333333,0
knn,2,TCGA-AG-A02X_nonMSIH,0,0.0,0
knn,2,TCGA-AH-6547_nonMSIH,0,0.0,0
knn,2,TCGA-AH-6644_nonMSIH,0,0.0,0
knn,2,TCGA-AH-6897_nonMSIH,0,0.0,0
knn,2,TCGA-AU-3779_nonMSIH,0,0.0,0
knn,2,TCGA-AY-6386_nonMSIH,0,0.0,0
knn,2,TCGA-AY-A54L_nonMSIH,0,0.0,0
knn,2,TCGA-AY-A71X_nonMSIH,0,0.3333333333333333,0
knn,2,TCGA-AY-A8YK_nonMSIH,0,0.0,0
knn,2,TCGA-AZ-4315_nonMSIH,0,0.0,0
knn,2,TCGA-AZ-6598_MSIH,1,0.0,0
knn,2,TCGA-AZ-6599_nonMSIH,0,0.0,0
knn,2,TCGA-AZ-6606_nonMSIH,0,0.3333333333333333,0
knn,2,TCGA-CA-5254_nonMSIH,0,0.0,0
knn,2,TCGA-CK-5915_nonMSIH,0,0.0,0
knn,2,TCGA-CL-5918_nonMSIH,0,0.0,0
knn,2,TCGA-CM-4747_nonMSIH,0,0.0,0
knn,2,TCGA-CM-4750_nonMSIH,0,0.0,0
knn,2,TCGA-CM-4752_nonMSIH,0,0.0,0
knn,2,TCGA-CM-5348_nonMSIH,0,0.0,0
knn,2,TCGA-CM-5860_nonMSIH,0,0.0,0
knn,2,TCGA-CM-5862_nonMSIH,0,0.0,0
knn,2,TCGA-CM-5863_nonMSIH,0,0.0,0
knn,2,TCGA-CM-5864_nonMSIH,0,0.0,0
knn,2,TCGA-CM-6162_MSIH,1,0.3333333333333333,0
knn,2,TCGA-CM-6164_nonMSIH,0,0.0,0
knn,2,TCGA-CM-6167_nonMSIH,0,0.3333333333333333,0
knn,2,TCGA-D5-5540_nonMSIH,0,0.0,0
knn,2,TCGA-D5-5541_nonMSIH,0,0.0,0
knn,2,TCGA-D5-6533_nonMSIH,0,0.0,0
knn,2,TCGA-D5-6926_nonMSIH,0,0.0,0
knn,2,TCGA-D5-6929_nonMSIH,0,0.0,0
knn,2,TCGA-DC-5337_nonMSIH,0,0.0,0
knn,2,TCGA-DC-5869_nonMSIH,0,0.0,0
knn,2,TCGA-DC-6154_MSIH,1,0.0,0
knn,2,TCGA-DC-6155_nonMSIH,0,0.0,0
knn,2,TCGA-DC-6158_nonMSIH,0,0.3333333333333333,0
knn,2,TCGA-DM-A1D0_nonMSIH,0,0.0,0
knn,2,TCGA-DM-A1D4_nonMSIH,0,0.0,0
knn,2,TCGA-DM-A1DA_nonMSIH,0,0.0,0
knn,2,TCGA-DM-A285_nonMSIH,0,0.0,0
knn,2,TCGA-DM-A28F_nonMSIH,0,0.0,0
knn,2,TCGA-DM-A28G_nonMSIH,0,0.0,0
knn,2,TCGA-DM-A28M_nonMSIH,0,0.0,0
knn,2,TCGA-DY-A1DF_nonMSIH,0,0.0,0
knn,2,TCGA-DY-A1DG_nonMSIH,0,0.0,0
knn,2,TCGA-EI-6509_nonMSIH,0,0.0,0
knn,2,TCGA-EI-6881_nonMSIH,0,0.0,0
knn,2,TCGA-EI-7004_nonMSIH,0,0.6666666666666666,1
knn,2,TCGA-F4-6463_nonMSIH,0,0.3333333333333333,0
knn,2,TCGA-F4-6807_nonMSIH,0,0.0,0
knn,2,TCGA-F4-6855_nonMSIH,0,0.0,0
knn,2,TCGA-F5-6571_nonMSIH,0,0.0,0
knn,2,TCGA-F5-6702_nonMSIH,0,0.0,0
knn,2,TCGA-F5-6864_nonMSIH,0,0.0,0
knn,2,TCGA-G4-6299_nonMSIH,0,0.3333333333333333,0
knn,2,TCGA-NH-A50U_nonMSIH,0,0.0,0
knn,2,TCGA-NH-A6GC_nonMSIH,0,0.3333333333333333,0
knn,2,TCGA-NH-A8F8_nonMSIH,0,0.0,0
knn,2,TCGA-QG-A5YV_nonMSIH,0,0.0,0
knn,3,TCGA-5M-AATE_nonMSIH,0,0.0,0
knn,3,TCGA-A6-2681_nonMSIH,0,0.0,0
knn,3,TCGA-A6-5666_nonMSIH,0,0.0,0
knn,3,TCGA-A6-5667_nonMSIH,0,0.0,0
knn,3,TCGA-A6-6138_nonMSIH,0,0.6666666666666666,1
knn,3,TCGA-A6-6142_nonMSIH,0,0.0,0
knn,3,TCGA-A6-6649_nonMSIH,0,0.0,0
knn,3,TCGA-AA-3667_nonMSIH,0,0.0,0
knn,3,TCGA-AA-3715_MSIH,1,0.3333333333333333,0
knn,3,TCGA-AA-3819_nonMSIH,0,0.0,0
knn,3,TCGA-AA-3844_nonMSIH,0,0.0,0
knn,3,TCGA-AA-3848_nonMSIH,0,0.0,0
knn,3,TCGA-AA-3852_nonMSIH,0,0.3333333333333333,0
knn,3,TCGA-AA-3858_nonMSIH,0,0.0,0
knn,3,TCGA-AA-3864_MSIH,1,0.0,0
knn,3,TCGA-AA-3956_nonMSIH,0,0.0,0
knn,3,TCGA-AA-3973_nonMSIH,0,0.0,0
knn,3,TCGA-AA-3975_nonMSIH,0,0.0,0
knn,3,TCGA-AA-3989_nonMSIH,0,0.0,0
knn,3,TCGA-AA-A010_nonMSIH,0,0.0,0
knn,3,TCGA-AA-A01R_MSIH,1,0.0,0
knn,3,TCGA-AA-A01T_nonMSIH,0,0.0,0
knn,3,TCGA-AA-A01V_nonMSIH,0,0.0,0
knn,3,TCGA-AA-A01Z_nonMSIH,0,0.3333333333333333,0
knn,3,TCGA-AA-A024_nonMSIH,0,0.0,0
knn,3,TCGA-AA-A02F_nonMSIH,0,0.0,0
knn,3,TCGA-AA-A02H_nonMSIH,0,0.0,0
knn,3,TCGA-AA-A02Y_nonMSIH,0,0.0,0
knn,3,TCGA-AA-A03F_nonMSIH,0,0.0,0
knn,3,TCGA-AD-6548_nonMSIH,0,0.3333333333333333,0
knn,3,TCGA-AD-6890_nonMSIH,0,0.3333333333333333,0
knn,3,TCGA-AD-A5EJ_MSIH,1,0.3333333333333333,0
knn,3,TCGA-AD-A5EK_nonMSIH,0,0.0,0
knn,3,TCGA-AF-3911_nonMSIH,0,0.0,0
knn,3,TCGA-AF-A56K_nonMSIH,0,0.0,0
knn,3,TCGA-AG-3882_nonMSIH,0,0.0,0
knn,3,TCGA-AG-3883_nonMSIH,0,0.0,0
knn,3,TCGA-AG-3887_nonMSIH,0,0.0,0
knn,3,TCGA-AG-3890_nonMSIH,0,0.0,0
knn,3,TCGA-AG-3898_nonMSIH,0,0.0,0
knn,3,TCGA-AG-3901_nonMSIH,0,0.0,0
knn,3,TCGA-AG-3909_nonMSIH,0,0.0,0
knn,3,TCGA-AG-A016_nonMSIH,0,0.0,0
knn,3,TCGA-AH-6643_nonMSIH,0,0.0,0
knn,3,TCGA-AM-5820_nonMSIH,0,1.0,1
knn,3,TCGA-AU-6004_MSIH,1,1.0,1
knn,3,TCGA-AY-5543_nonMSIH,0,0.3333333333333333,0
knn,3,TCGA-AY-6197_MSIH,1,0.6666666666666666,1
knn,3,TCGA-AZ-4308_nonMSIH,0,0.3333333333333333,0
knn,3,TCGA-AZ-5407_nonMSIH,0,0.0,0
knn,3,TCGA-AZ-6600_nonMSIH,0,0.3333333333333333,0
knn,3,TCGA-CA-5796_nonMSIH,0,0.0,0
knn,3,TCGA-CA-6715_nonMSIH,0,0.0,0
knn,3,TCGA-CA-6717_nonMSIH,0,0.0,0
knn,3,TCGA-CK-4950_nonMSIH,0,0.6666666666666666,1
knn,3,TCGA-CK-4951_MSIH,1,0.6666666666666666,1
knn,3,TCGA-CK-6746_MSIH,1,0.3333333333333333,0
knn,3,TCGA-CK-6751_nonMSIH,0,0.0,0
knn,3,TCGA-CL-4957_nonMSIH,0,0.0,0
knn,3,TCGA-CM-4746_MSIH,1,0.0,0
knn,3,TCGA-CM-4751_nonMSIH,0,0.0,0
knn,3,TCGA-CM-5341_nonMSIH,0,0.0,0
knn,3,TCGA-CM-5861_MSIH,1,0.0,0
knn,3,TCGA-CM-6161_nonMSIH,0,0.0,0
knn,3,TCGA-CM-6170_nonMSIH,0,0.0,0
knn,3,TCGA-CM-6171_MSIH,1,0.0,0
knn,3,TCGA-CM-6674_MSIH,1,0.0,0
knn,3,TCGA-CM-6676_nonMSIH,0,0.0,0
knn,3,TCGA-CM-6677_nonMSIH,0,0.0,0
knn,3,TCGA-CM-6679_nonMSIH,0,0.0,0
knn,3,TCGA-D5-5539_nonMSIH,0,0.3333333333333333,0
knn,3,TCGA-D5-6530_MSIH,1,0.0,0
knn,3,TCGA-D5-6536_nonMSIH,0,0.0,0
knn,3,TCGA-D5-6928_MSIH,1,0.3333333333333333,0
knn,3,TCGA-D5-6930_MSIH,1,0.3333333333333333,0
knn,3,TCGA-D5-6932_nonMSIH,0,0.0,0
knn,3,TCGA-DC-6681_nonMSIH,0,0.0,0
knn,3,TCGA-DC-6683_nonMSIH,0,0.0,0
knn,3,TCGA-DM-A0X9_nonMSIH,0,0.0,0
knn,3,TCGA-DM-A0XD_nonMSIH,0,0.0,0
knn,3,TCGA-DM-A0XF_nonMSIH,0,0.0,0
knn,3,TCGA-DM-A1D7_nonMSIH,0,0.0,0
knn,3,TCGA-DM-A1DB_nonMSIH,0,0.0,0
knn,3,TCGA-DM-A1HA_nonMSIH,0,0.0,0
knn,3,TCGA-DM-A28K_nonMSIH,0,0.0,0
knn,3,TCGA-DT-5265_nonMSIH,0,0.0,0
knn,3,TCGA-DY-A1DC_nonMSIH,0,0.0,0
knn,3,TCGA-EI-6508_nonMSIH,0,0.0,0
knn,3,TCGA-EI-6510_nonMSIH,0,0.0,0
knn,3,TCGA-EI-6512_nonMSIH,0,0.0,0
knn,3,TCGA-EI-6882_MSIH,1,0.0,0
knn,3,TCGA-EI-6885_nonMSIH,0,0.0,0
knn,3,TCGA-EI-7002_nonMSIH,0,0.0,0
knn,3,TCGA-F4-6460_nonMSIH,0,0.0,0
knn,3,TCGA-F4-6570_MSIH,1,0.3333333333333333,0
knn,3,TCGA-F4-6704_nonMSIH,0,0.0,0
knn,3,TCGA-F4-6854_nonMSIH,0,0.0,0
knn,3,TCGA-F4-6856_MSIH,1,0.0,0
knn,3,TCGA-F5-6464_nonMSIH,0,0.0,0
knn,3,TCGA-F5-6863_nonMSIH,0,0.0,0
knn,3,TCGA-G4-6298_nonMSIH,0,0.0,0
knn,3,TCGA-G4-6302_MSIH,1,0.3333333333333333,0
knn,3,TCGA-G4-6309_MSIH,1,0.6666666666666666,1
knn,3,TCGA-G4-6315_nonMSIH,0,0.0,0
knn,3,TCGA-G4-6317_nonMSIH,0,0.6666666666666666,1
knn,3,TCGA-G4-6626_nonMSIH,0,0.0,0
knn,3,TCGA-G4-6627_nonMSIH,0,0.0,0
knn,3,TCGA-G5-6641_nonMSIH,0,0.6666666666666666,1
knn,3,TCGA-NH-A50T_nonMSIH,0,0.3333333333333333,0
knn,3,TCGA-NH-A6GB_nonMSIH,0,0.0,0
knn,3,TCGA-QG-A5Z1_nonMSIH,0,0.3333333333333333,0
knn,3,TCGA-SS-A7HO_nonMSIH,0,0.0,0
knn,4,TCGA-3L-AA1B_nonMSIH,0,0.0,0
knn,4,TCGA-A6-4105_nonMSIH,0,0.3333333333333333,0
knn,4,TCGA-A6-5657_nonMSIH,0,0.3333333333333333,0
knn,4,TCGA-A6-5660_nonMSIH,0,0.0,0
knn,4,TCGA-A6-5662_nonMSIH,0,0.3333333333333333,0
knn,4,TCGA-A6-5664_nonMSIH,0,0.3333333333333333,0
knn,4,TCGA-A6-A566_nonMSIH,0,0.3333333333333333,0
knn,4,TCGA-AA-3666_nonMSIH,0,0.0,0
knn,4,TCGA-AA-3678_nonMSIH,0,0.0,0
knn,4,TCGA-AA-3696_nonMSIH,0,0.0,0
knn,4,TCGA-AA-3814_nonMSIH,0,0.0,0
knn,4,TCGA-AA-3846_nonMSIH,0,0.0,0
knn,4,TCGA-AA-3851_nonMSIH,0,0.0,0
knn,4,TCGA-AA-3855_nonMSIH,0,0.0,0
knn,4,TCGA-AA-3952_nonMSIH,0,0.3333333333333333,0
knn,4,TCGA-AA-3971_nonMSIH,0,0.0,0
knn,4,TCGA-AA-3982_nonMSIH,0,0.0,0
knn,4,TCGA-AA-A01P_MSIH,1,0.6666666666666666,1
knn,4,TCGA-AA-A03J_nonMSIH,0,0.0,0
knn,4,TCGA-AD-6964_MSIH,1,0.6666666666666666,1
knn,4,TCGA-AF-2693_nonMSIH,0,0.3333333333333333,0
knn,4,TCGA-AF-6672_nonMSIH,0,0.0,0
knn,4,TCGA-AG-3727_nonMSIH,0,0.0,0
knn,4,TCGA-AG-3885_nonMSIH,0,0.0,0
knn,4,TCGA-AG-3893_nonMSIH,0,0.0,0
knn,4,TCGA-AG-3896_nonMSIH,0,0.0,0
knn,4,TCGA-AG-4001_nonMSIH,0,0.0,0
knn,4,TCGA-AG-4008_nonMSIH,0,0.0,0
knn,4,TCGA-AG-A015_nonMSIH,0,0.0,0
knn,4,TCGA-AG-A01L_nonMSIH,0,0.0,0
knn,4,TCGA-AG-A01N_nonMSIH,0,0.0,0
knn,4,TCGA-AG-A01Y_nonMSIH,0,0.0,0
knn,4,TCGA-AG-A026_nonMSIH,0,0.0,0
knn,4,TCGA-AH-6544_nonMSIH,0,0.0,0
knn,4,TCGA-AM-5821_MSIH,1,0.3333333333333333,0
knn,4,TCGA-AY-4070_nonMSIH,0,0.6666666666666666,1
knn,4,TCGA-AY-4071_nonMSIH,0,0.3333333333333333,0
knn,4,TCGA-AZ-4616_nonMSIH,0,0.3333333333333333,0
knn,4,TCGA-AZ-4681_nonMSIH,0,0.3333333333333333,0
knn,4,TCGA-AZ-4682_nonMSIH,0,0.0,0
knn,4,TCGA-AZ-5403_nonMSIH,0,0.3333333333333333,0
knn,4,TCGA-AZ-6605_nonMSIH,0,0.0,0
knn,4,TCGA-CA-5256_nonMSIH,0,0.0,0
knn,4,TCGA-CA-6716_nonMSIH,0,0.0,0
knn,4,TCGA-CA-6718_nonMSIH,0,0.0,0
knn,4,TCGA-CA-6719_nonMSIH,0,0.0,0
knn,4,TCGA-CI-6622_nonMSIH,0,0.0,0
knn,4,TCGA-CK-4948_nonMSIH,0,0.0,0
knn,4,TCGA-CK-4952_nonMSIH,0,0.3333333333333333,0
knn,4,TCGA-CK-5912_nonMSIH,0,0.0,0
knn,4,TCGA-CK-5913_MSIH,1,0.3333333333333333,0
knn,4,TCGA-CK-5914_nonMSIH,0,0.0,0
knn,4,TCGA-CK-6747_MSIH,1,0.0,0
knn,4,TCGA-CK-6748_nonMSIH,0,0.3333333333333333,0
knn,4,TCGA-CM-5349_nonMSIH,0,0.3333333333333333,0
knn,4,TCGA-CM-6163_nonMSIH,0,0.0,0
knn,4,TCGA-CM-6166_nonMSIH,0,0.0,0
knn,4,TCGA-CM-6168_nonMSIH,0,0.3333333333333333,0
knn,4,TCGA-CM-6169_nonMSIH,0,0.0,0
knn,4,TCGA-CM-6172_nonMSIH,0,0.0,0
knn,4,TCGA-CM-6675_nonMSIH,0,0.0,0
knn,4,TCGA-D5-5538_nonMSIH,0,0.3333333333333333,0
knn,4,TCGA-D5-6532_nonMSIH,0,0.0,0
knn,4,TCGA-D5-6535_nonMSIH,0,0.0,0
knn,4,TCGA-D5-6537_nonMSIH,0,0.0,0
knn,4,TCGA-D5-6538_nonMSIH,0,0.0,0
knn,4,TCGA-D5-6920_nonMSIH,0,0.0,0
knn,4,TCGA-D5-6922_nonMSIH,0,0.0,0
knn,4,TCGA-D5-6924_nonMSIH,0,0.0,0
knn,4,TCGA-DC-4745_nonMSIH,0,0.3333333333333333,0
knn,4,TCGA-DC-4749_nonMSIH,0,0.0,0
knn,4,TCGA-DC-6157_nonMSIH,0,0.0,0
knn,4,TCGA-DC-6160_nonMSIH,0,0.0,0
knn,4,TCGA-DM-A1D9_nonMSIH,0,0.0,0
knn,4,TCGA-DM-A282_nonMSIH,0,0.0,0
knn,4,TCGA-DY-A0XA_nonMSIH,0,0.0,0
knn,4,TCGA-EF-5830_nonMSIH,0,0.3333333333333333,0
knn,4,TCGA-EI-6511_nonMSIH,0,0.0,0
knn,4,TCGA-EI-6513_nonMSIH,0,0.3333333333333333,0
knn,4,TCGA-EI-6884_nonMSIH,0,0.6666666666666666,1
knn,4,TCGA-F4-6459_nonMSIH,0,0.0,0
knn,4,TCGA-F4-6461_nonMSIH,0,0.0,0
knn,4,TCGA-F4-6569_nonMSIH,0,0.0,0
knn,4,TCGA-F4-6703_MSIH,1,0.0,0
knn,4,TCGA-F4-6805_nonMSIH,0,0.0,0
knn,4,TCGA-F4-6806_nonMSIH,0,0.0,0
knn,4,TCGA-G4-6294_nonMSIH,0,0.3333333333333333,0
knn,4,TCGA-G4-6295_nonMSIH,0,0.0,0
knn,4,TCGA-G4-6303_nonMSIH,0,0.3333333333333333,0
knn,4,TCGA-G4-6304_MSIH,1,0.6666666666666666,1
knn,4,TCGA-G4-6306_nonMSIH,0,0.3333333333333333,0
knn,4,TCGA-G4-6307_nonMSIH,0,0.3333333333333333,0
knn,4,TCGA-G4-6320_MSIH,1,0.3333333333333333,0
knn,4,TCGA-G4-6321_nonMSIH,0,0.3333333333333333,0
knn,4,TCGA-G4-6628_MSIH,1,0.3333333333333333,0
knn,4,TCGA-NH-A5IV_MSIH,1,0.0,0
knn,4,TCGA-NH-A6GA_nonMSIH,0,0.0,0
knn,4,TCGA-QG-A5YW_nonMSIH,0,0.0,0
knn,4,TCGA-QG-A5Z2_MSIH,1,0.0,0
knn,4,TCGA-QL-A97D_nonMSIH,0,0.0,0
knn,4,TCGA-WS-AB45_MSIH,1,0.3333333333333333,0
proto,1,TCGA-5M-AAT4_nonMSIH,0,0.49012818932533264,0
proto,1,TCGA-5M-AAT6_MSIH,1,0.4995739459991455,0
proto,1,TCGA-A6-2671_nonMSIH,0,0.49868181347846985,0
proto,1,TCGA-A6-2686_MSIH,1,0.5044280290603638,1
proto,1,TCGA-A6-3807_nonMSIH,0,0.4989526569843292,0
proto,1,TCGA-A6-5661_MSIH,1,0.5087741613388062,1
proto,1,TCGA-A6-6137_nonMSIH,0,0.498776912689209,0
proto,1,TCGA-A6-6651_nonMSIH,0,0.5028889179229736,1
proto,1,TCGA-A6-6652_nonMSIH,0,0.5048819184303284,1
proto,1,TCGA-A6-6654_nonMSIH,0,0.5028324127197266,1
proto,1,TCGA-A6-A565_nonMSIH,0,0.5014668107032776,1
proto,1,TCGA-A6-A567_nonMSIH,0,0.4899924695491791,0
proto,1,TCGA-AA-3679_nonMSIH,0,0.48682165145874023,0
proto,1,TCGA-AA-3680_nonMSIH,0,0.48342058062553406,0
proto,1,TCGA-AA-3684_nonMSIH,0,0.49493178725242615,0
proto,1,TCGA-AA-3688_nonMSIH,0,0.4836606979370117,0
proto,1,TCGA-AA-3693_nonMSIH,0,0.48482051491737366,0
proto,1,TCGA-AA-3812_nonMSIH,0,0.4836091101169586,0
proto,1,TCGA-AA-3818_nonMSIH,0,0.48366689682006836,0
proto,1,TCGA-AA-3831_nonMSIH,0,0.48191794753074646,0
proto,1,TCGA-AA-3833_MSIH,1,0.49321407079696655,0
proto,1,TCGA-AA-3837_nonMSIH,0,0.4830876290798187,0
proto,1,TCGA-AA-3850_nonMSIH,0,0.48586609959602356,0
proto,1,TCGA-AA-3854_nonMSIH,0,0.48638659715652466,0
proto,1,TCGA-AA-3866_nonMSIH,0,0.4842994809150696,0
proto,1,TCGA-AA-3867_nonMSIH,0,0.48719149827957153,0
proto,1,TCGA-AA-3875_nonMSIH,0,0.4890146851539612,0
proto,1,TCGA-AA-3947_MSIH,1,0.490043967962265,0
proto,1,TCGA-AA-3949_MSIH,1,0.49907422065734863,0
proto,1,TCGA-AA-3979_nonMSIH,0,0.4848043918609619,0
proto,1,TCGA-AA-3984_nonMSIH,0,0.48761650919914246,0
proto,1,TCGA-AA-3994_nonMSIH,0,0.4877009689807892,0
proto,1,TCGA-AA-A01S_nonMSIH,0,0.484849214553833,0
proto,1,TCGA-AA-A01X_nonMSIH,0,0.48397886753082275,0
proto,1,TCGA-AD-6888_nonMSIH,0,0.493190199136734,0
proto,1,TCGA-AD-6901_nonMSIH,0,0.5047199726104736,1
proto,1,TCGA-AD-6963_nonMSIH,0,0.5034393072128296,1
proto,1,TCGA-AF-2687_nonMSIH,0,0.5084026455879211,1
proto,1,TCGA-AF-4110_nonMSIH,0,0.4891045391559601,0
proto,1,TCGA-AF-6136_nonMSIH,0,0.4981130361557007,0
proto,1,TCGA-AG-3726_nonMSIH,0,0.484315425157547,0
proto,1,TCGA-AG-3878_nonMSIH,0,0.48627591133117676,0
proto,1,TCGA-AG-3892_nonMSIH,0,0.4904397428035736,0
proto,1,TCGA-AG-4021_nonMSIH,0,0.4957531690597534,0
proto,1,TCGA-AG-4022_nonMSIH,0,0.48802196979522705,0
proto,1,TCGA-AG-A008_nonMSIH,0,0.4838976562023163,0
proto,1,TCGA-AG-A011_nonMSIH,0,0.4926319122314453,0
proto,1,TCGA-AG-A01W_nonMSIH,0,0.48440805077552795,0
proto,1,TCGA-AG-A02N_MSIH,1,0.49074694514274597,0
proto,1,TCGA-AH-6903_nonMSIH,0,0.5046032667160034,1
proto,1,TCGA-AY-6196_nonMSIH,0,0.5167966485023499,1
proto,1,TCGA-AY-A69D_nonMSIH,0,0.48795226216316223,0
proto,1,TCGA-AZ-4614_nonMSIH,0,0.5043193697929382,1
proto,1,TCGA-AZ-4615_MSIH,1,0.5113459229469299,1
proto,1,TCGA-AZ-6603_nonMSIH,0,0.4951823949813843,0
proto,1,TCGA-CA-5255_nonMSIH,0,0.5046977400779724,1
proto,1,TCGA-CA-5797_nonMSIH,0,0.4999332129955292,0
proto,1,TCGA-CI-6624_nonMSIH,0,0.5023806095123291,1
proto,1,TCGA-CK-4947_nonMSIH,0,0.5111038088798523,1
proto,1,TCGA-CK-5916_MSIH,1,0.5200254917144775,1
proto,1,TCGA-CL-5917_nonMSIH,0,0.5058766007423401,1
proto,1,TCGA-CM-4743_MSIH,1,0.5133987665176392,1
proto,1,TCGA-CM-4744_nonMSIH,0,0.5064643025398254,1
proto,1,TCGA-CM-5344_nonMSIH,0,0.5024417638778687,1
proto,1,TCGA-CM-5868_nonMSIH,0,0.5074974298477173,1
proto,1,TCGA-CM-6165_nonMSIH,0,0.5110272765159607,1
proto,1,TCGA-CM-6678_nonMSIH,0,0.5027426481246948,1
proto,1,TCGA-D5-5537_nonMSIH,0,0.500175952911377,1
proto,1,TCGA-D5-6529_nonMSIH,0,0.5070264339447021,1
proto,1,TCGA-D5-6531_nonMSIH,0,0.5040315389633179,1
proto,1,TCGA-D5-6534_nonMSIH,0,0.5048574805259705,1
proto,1,TCGA-D5-6539_nonMSIH,0,0.5112199187278748,1
proto,1,TCGA-D5-6540_MSIH,1,0.5079292058944702,1
proto,1,TCGA-D5-6541_nonMSIH,0,0.5016528367996216,1
proto,1,TCGA-D5-6898_nonMSIH,0,0.5038465261459351,1
proto,1,TCGA-D5-6927_MSIH,1,0.5095541477203369,1
proto,1,TCGA-D5-6931_nonMSIH,0,0.5057450532913208,1
proto,1,TCGA-DC-6682_nonMSIH,0,0.5044944882392883,1
proto,1,TCGA-DM-A1D6_nonMSIH,0,0.4899691045284271,0
proto,1,TCGA-DM-A1D8_nonMSIH,0,0.48898911476135254,0
proto,1,TCGA-DM-A280_nonMSIH,0,0.4963876008987427,0
proto,1,TCGA-DM-A288_nonMSIH,0,0.4935746192932129,0
proto,1,TCGA-DM-A28A_nonMSIH,0,0.48803386092185974,0
proto,1,TCGA-DM-A28E_nonMSIH,0,0.4840345084667206,0
proto,1,TCGA-DM-A28H_nonMSIH,0,0.49181994795799255,0
proto,1,TCGA-DY-A1DD_nonMSIH,0,0.4919673800468445,0
proto,1,TCGA-EI-6506_nonMSIH,0,0.5026208758354187,1
proto,1,TCGA-EI-6507_MSIH,1,0.5162387490272522,1
proto,1,TCGA-EI-6514_nonMSIH,0,0.49428293108940125,0
proto,1,TCGA-EI-6883_nonMSIH,0,0.5056724548339844,1
proto,1,TCGA-F4-6808_nonMSIH,0,0.49562108516693115,0
proto,1,TCGA-F4-6809_nonMSIH,0,0.5016797184944153,1
proto,1,TCGA-F5-6465_nonMSIH,0,0.4949966371059418,0
proto,1,TCGA-F5-6811_nonMSIH,0,0.5003355145454407,1
proto,1,TCGA-G4-6293_nonMSIH,0,0.496944785118103,0
proto,1,TCGA-G4-6297_nonMSIH,0,0.5007258653640747,1
proto,1,TCGA-G4-6311_nonMSIH,0,0.511539876461029,1
proto,1,TCGA-G4-6322_nonMSIH,0,0.5076791644096375,1
proto,1,TCGA-G4-6323_nonMSIH,0,0.4984535872936249,0
proto,1,TCGA-G4-6586_MSIH,1,0.5113925933837891,1
proto,1,TCGA-G4-6588_MSIH,1,0.5123887062072754,1
proto,1,TCGA-NH-A50V_nonMSIH,0,0.49117526412010193,0
proto,1,TCGA-QG-A5YX_nonMSIH,0,0.48988303542137146,0
proto,2,TCGA-4N-A93T_nonMSIH,0,0.49241548776626587,0
proto,2,TCGA-A6-2685_nonMSIH,0,0.4995824992656708,0
proto,2,TCGA-A6-4107_nonMSIH,0,0.5014190077781677,1
proto,2,TCGA-A6-5665_MSIH,1,0.5166992545127869,1
proto,2,TCGA-A6-6648_nonMSIH,0,0.4989358186721802,0
proto,2,TCGA-A6-6653_MSIH,1,0.5106168389320374,1
proto,2,TCGA-A6-A56B_nonMSIH,0,0.4844273030757904,0
proto,2,TCGA-AA-3664_nonMSIH,0,0.4698164463043213,0
proto,2,TCGA-AA-3673_nonMSIH,0,0.46842750906944275,0
proto,2,TCGA-AA-3681_nonMSIH,0,0.47310376167297363,0
proto,2,TCGA-AA-3692_nonMSIH,0,0.46820953488349915,0
proto,2,TCGA-AA-3811_MSIH,1,0.47374701499938965,0
proto,2,TCGA-AA-3821_MSIH,1,0.47001907229423523,0
proto,2,TCGA-AA-3842_nonMSIH,0,0.46830499172210693,0
proto,2,TCGA-AA-3845_MSIH,1,0.4817582964897156,0
proto,2,TCGA-AA-3856_nonMSIH,0,0.467353492975235,0
proto,2,TCGA-AA-3877_MSIH,1,0.4747803211212158,0
proto,2,TCGA-AA-3950_MSIH,1,0.48064571619033813,0
proto,2,TCGA-AA-3966_MSIH,1,0.47889959812164307,0
proto,2,TCGA-AA-3968_nonMSIH,0,0.4718140661716461,0
proto,2,TCGA-AA-3976_nonMSIH,0,0.46912288665771484,0
proto,2,TCGA-AA-3986_nonMSIH,0,0.4668486714363098,0
proto,2,TCGA-AA-A02E_nonMSIH,0,0.46637535095214844,0
proto,2,TCGA-AA-A02O_nonMSIH,0,0.46947112679481506,0
proto,2,TCGA-AD-5900_MSIH,1,0.5149573683738708,1
proto,2,TCGA-AD-6889_MSIH,1,0.5009688138961792,1
proto,2,TCGA-AD-6965_nonMSIH,0,0.4935806095600128,0
proto,2,TCGA-AF-2690_nonMSIH,0,0.5106905102729797,1
proto,2,TCGA-AF-6655_nonMSIH,0,0.5054656863212585,1
proto,2,TCGA-AF-A56L_nonMSIH,0,0.4901546239852905,0
proto,2,TCGA-AF-A56N_nonMSIH,0,0.4830050766468048,0
proto,2,TCGA-AG-3894_nonMSIH,0,0.4675199091434479,0
proto,2,TCGA-AG-3902_nonMSIH,0,0.4684107005596161,0
proto,2,TCGA-AG-4015_nonMSIH,0,0.4681254029273987,0
proto,2,TCGA-AG-A002_nonMSIH,0,0.4771212935447693,0
proto,2,TCGA-AG-A00C_nonMSIH,0,0.4666348099708557,0
proto,2,TCGA-AG-A020_nonMSIH,0,0.4730033874511719,0
proto,2,TCGA-AG-A02X_nonMSIH,0,0.4708203077316284,0
proto,2,TCGA-AH-6547_nonMSIH,0,0.4978559613227844,0
proto,2,TCGA-AH-6644_nonMSIH,0,0.506719172000885,1
proto,2,TCGA-AH-6897_nonMSIH,0,0.49992942810058594,0
proto,2,TCGA-AU-3779_nonMSIH,0,0.48582378029823303,0
proto,2,TCGA-AY-6386_nonMSIH,0,0.5066185593605042,1
proto,2,TCGA-AY-A54L_nonMSIH,0,0.4840359389781952,0
proto,2,TCGA-AY-A71X_nonMSIH,0,0.4928536117076874,0
proto,2,TCGA-AY-A8YK_nonMSIH,0,0.4847576320171356,0
proto,2,TCGA-AZ-4315_nonMSIH,0,0.5118569731712341,1
proto,2,TCGA-AZ-6598_MSIH,1,0.5210111737251282,1
proto,2,TCGA-AZ-6599_nonMSIH,0,0.5024266242980957,1
proto,2,TCGA-AZ-6606_nonMSIH,0,0.5139476656913757,1
proto,2,TCGA-CA-5254_nonMSIH,0,0.4999620020389557,0
proto,2,TCGA-CK-5915_nonMSIH,0,0.4990776777267456,0
proto,2,TCGA-CL-5918_nonMSIH,0,0.5116285681724548,1
proto,2,TCGA-CM-4747_nonMSIH,0,0.5033800005912781,1
proto,2,TCGA-CM-4750_nonMSIH,0,0.49646246433258057,0
proto,2,TCGA-CM-4752_nonMSIH,0,0.5066171884536743,1
proto,2,TCGA-CM-5348_nonMSIH,0,0.5148473381996155,1
proto,2,TCGA-CM-5860_nonMSIH,0,0.5152032971382141,1
proto,2,TCGA-CM-5862_nonMSIH,0,0.5073390603065491,1
proto,2,TCGA-CM-5863_nonMSIH,0,0.517017662525177,1
proto,2,TCGA-CM-5864_nonMSIH,0,0.5051971077919006,1
proto,2,TCGA-CM-6162_MSIH,1,0.5183346271514893,1
proto,2,TCGA-CM-6164_nonMSIH,0,0.5110032558441162,1
proto,2,TCGA-CM-6167_nonMSIH,0,0.5149015188217163,1
proto,2,TCGA-D5-5540_nonMSIH,0,0.509434163570404,1
proto,2,TCGA-D5-5541_nonMSIH,0,0.5143491625785828,1
proto,2,TCGA-D5-6533_nonMSIH,0,0.5176653861999512,1
proto,2,TCGA-D5-6926_nonMSIH,0,0.5083932280540466,1
proto,2,TCGA-D5-6929_nonMSIH,0,0.5118367671966553,1
proto,2,TCGA-DC-5337_nonMSIH,0,0.510700523853302,1
proto,2,TCGA-DC-5869_nonMSIH,0,0.502099871635437,1
proto,2,TCGA-DC-6154_MSIH,1,0.5118868947029114,1
proto,2,TCGA-DC-6155_nonMSIH,0,0.511867344379425,1
proto,2,TCGA-DC-6158_nonMSIH,0,0.514478862285614,1
proto,2,TCGA-DM-A1D0_nonMSIH,0,0.4913111627101898,0
proto,2,TCGA-DM-A1D4_nonMSIH,0,0.4943375289440155,0
proto,2,TCGA-DM-A1DA_nonMSIH,0,0.4912947714328766,0
proto,2,TCGA-DM-A285_nonMSIH,0,0.4993171691894531,0
proto,2,TCGA-DM-A28F_nonMSIH,0,0.4953336715698242,0
proto,2,TCGA-DM-A28G_nonMSIH,0,0.4906582534313202,0
proto,2,TCGA-DM-A28M_nonMSIH,0,0.4957176446914673,0
proto,2,TCGA-DY-A1DF_nonMSIH,0,0.491615355014801,0
proto,2,TCGA-DY-A1DG_nonMSIH,0,0.49200114607810974,0
proto,2,TCGA-EI-6509_nonMSIH,0,0.5084635615348816,1
proto,2,TCGA-EI-6881_nonMSIH,0,0.5003647804260254,1
proto,2,TCGA-EI-7004_nonMSIH,0,0.5155410766601562,1
proto,2,TCGA-F4-6463_nonMSIH,0,0.5079193115234375,1
proto,2,TCGA-F4-6807_nonMSIH,0,0.509723961353302,1
proto,2,TCGA-F4-6855_nonMSIH,0,0.5087751150131226,1
proto,2,TCGA-F5-6571_nonMSIH,0,0.502849817276001,1
proto,2,TCGA-F5-6702_nonMSIH,0,0.49862372875213623,0
proto,2,TCGA-F5-6864_nonMSIH,0,0.5107038021087646,1
proto,2,TCGA-G4-6299_nonMSIH,0,0.5234218835830688,1
proto,2,TCGA-NH-A50U_nonMSIH,0,0.4957039952278137,0
proto,2,TCGA-NH-A6GC_nonMSIH,0,0.5050619840621948,1
proto,2,TCGA-NH-A8F8_nonMSIH,0,0.4995409846305847,0
proto,2,TCGA-QG-A5YV_nonMSIH,0,0.48747938871383667,0
proto,3,TCGA-5M-AATE_nonMSIH,0,0.4836422801017761,0
proto,3,TCGA-A6-2681_nonMSIH,0,0.5043027400970459,1
proto,3,TCGA-A6-5666_nonMSIH,0,0.49245554208755493,0
proto,3,TCGA-A6-5667_nonMSIH,0,0.48739466071128845,0
proto,3,TCGA-A6-6138_nonMSIH,0,0.5045630931854248,1
proto,3,TCGA-A6-6142_nonMSIH,0,0.5035252571105957,1
proto,3,TCGA-A6-6649_nonMSIH,0,0.4966239631175995,0
proto,3,TCGA-AA-3667_nonMSIH,0,0.49226823449134827,0
proto,3,TCGA-AA-3715_MSIH,1,0.508411705493927,1
proto,3,TCGA-AA-3819_nonMSIH,0,0.4909471273422241,0
proto,3,TCGA-AA-3844_nonMSIH,0,0.4941561818122864,0
proto,3,TCGA-AA-3848_nonMSIH,0,0.4964990019798279,0
proto,3,TCGA-AA-3852_nonMSIH,0,0.4929194152355194,0
proto,3,TCGA-AA-3858_nonMSIH,0,0.4946303069591522,0
proto,3,TCGA-AA-3864_MSIH,1,0.5001224875450134,1
proto,3,TCGA-AA-3956_nonMSIH,0,0.48887503147125244,0
proto,3,TCGA-AA-3973_nonMSIH,0,0.49991750717163086,0
proto,3,TCGA-AA-3975_nonMSIH,0,0.4963981509208679,0
proto,3,TCGA-AA-3989_nonMSIH,0,0.4944814145565033,0
proto,3,TCGA-AA-A010_nonMSIH,0,0.5011008381843567,1
proto,3,TCGA-AA-A01R_MSIH,1,0.5037643313407898,1
proto,3,TCGA-AA-A01T_nonMSIH,0,0.493306428194046,0
proto,3,TCGA-AA-A01V_nonMSIH,0,0.4924341142177582,0
proto,3,TCGA-AA-A01Z_nonMSIH,0,0.494286447763443,0
proto,3,TCGA-AA-A024_nonMSIH,0,0.4941844046115875,0
proto,3,TCGA-AA-A02F_nonMSIH,0,0.4969939589500427,0
proto,3,TCGA-AA-A02H_nonMSIH,0,0.494442343711853,0
proto,3,TCGA-AA-A02Y_nonMSIH,0,0.49195829033851624,0
proto,3,TCGA-AA-A03F_nonMSIH,0,0.4889867603778839,0
proto,3,TCGA-AD-6548_nonMSIH,0,0.49856770038604736,0
proto,3,TCGA-AD-6890_nonMSIH,0,0.4937862455844879,0
proto,3,TCGA-AD-A5EJ_MSIH,1,0.5027660727500916,1
proto,3,TCGA-AD-A5EK_nonMSIH,0,0.49201205372810364,0
proto,3,TCGA-AF-3911_nonMSIH,0,0.5062440633773804,1
proto,3,TCGA-AF-A56K_nonMSIH,0,0.49054020643234253,0
proto,3,TCGA-AG-3882_nonMSIH,0,0.4885960519313812,0
proto,3,TCGA-AG-3883_nonMSIH,0,0.49881064891815186,0
proto,3,TCGA-AG-3887_nonMSIH,0,0.4947374761104584,0
proto,3,TCGA-AG-3890_nonMSIH,0,0.4938850998878479,0
proto,3,TCGA-AG-3898_nonMSIH,0,0.4937162697315216,0
proto,3,TCGA-AG-3901_nonMSIH,0,0.4922274649143219,0
proto,3,TCGA-AG-3909_nonMSIH,0,0.4971805810928345,0
proto,3,TCGA-AG-A016_nonMSIH,0,0.49877044558525085,0
proto,3,TCGA-AH-6643_nonMSIH,0,0.5015168786048889,1
proto,3,TCGA-AM-5820_nonMSIH,0,0.5062571167945862,1
proto,3,TCGA-AU-6004_MSIH,1,0.5000839233398438,1
proto,3,TCGA-AY-5543_nonMSIH,0,0.4931847155094147,0
proto,3,TCGA-AY-6197_MSIH,1,0.503548264503479,1
proto,3,TCGA-AZ-4308_nonMSIH,0,0.502729058265686,1
proto,3,TCGA-AZ-5407_nonMSIH,0,0.4952945411205292,0
proto,3,TCGA-AZ-6600_nonMSIH,0,0.5095208287239075,1
proto,3,TCGA-CA-5796_nonMSIH,0,0.49454960227012634,0
proto,3,TCGA-CA-6715_nonMSIH,0,0.4988587200641632,0
proto,3,TCGA-CA-6717_nonMSIH,0,0.5009637475013733,1
proto,3,TCGA-CK-4950_nonMSIH,0,0.5081108212471008,1
proto,3,TCGA-CK-4951_MSIH,1,0.5054614543914795,1
proto,3,TCGA-CK-6746_MSIH,1,0.5094863176345825,1
proto,3,TCGA-CK-6751_nonMSIH,0,0.5017718076705933,1
proto,3,TCGA-CL-4957_nonMSIH,0,0.49674391746520996,0
proto,3,TCGA-CM-4746_MSIH,1,0.4932214319705963,0
proto,3,TCGA-CM-4751_nonMSIH,0,0.4979029893875122,0
proto,3,TCGA-CM-5341_nonMSIH,0,0.49590224027633667,0
proto,3,TCGA-CM-5861_MSIH,1,0.5075026154518127,1
proto,3,TCGA-CM-6161_nonMSIH,0,0.48710867762565613,0
proto,3,TCGA-CM-6170_nonMSIH,0,0.4908199906349182,0
proto,3,TCGA-CM-6171_MSIH,1,0.4896024465560913,0
proto,3,TCGA-CM-6674_MSIH,1,0.5021125674247742,1
proto,3,TCGA-CM-6676_nonMSIH,0,0.48817533254623413,0
proto,3,TCGA-CM-6677_nonMSIH,0,0.4960322678089142,0
proto,3,TCGA-CM-6679_nonMSIH,0,0.49538731575012207,0
proto,3,TCGA-D5-5539_nonMSIH,0,0.49463951587677,0
proto,3,TCGA-D5-6530_MSIH,1,0.5007572770118713,1
proto,3,TCGA-D5-6536_nonMSIH,0,0.49864205718040466,0
proto,3,TCGA-D5-6928_MSIH,1,0.5021289587020874,1
proto,3,TCGA-D5-6930_MSIH,1,0.5036386847496033,1
proto,3,TCGA-D5-6932_nonMSIH,0,0.5007397532463074,1
proto,3,TCGA-DC-6681_nonMSIH,0,0.4886349141597748,0
proto,3,TCGA-DC-6683_nonMSIH,0,0.49694734811782837,0
proto,3,TCGA-DM-A0X9_nonMSIH,0,0.4860572814941406,0
proto,3,TCGA-DM-A0XD_nonMSIH,0,0.49423277378082275,0
proto,3,TCGA-DM-A0XF_nonMSIH,0,0.49121785163879395,0
proto,3,TCGA-DM-A1D7_nonMSIH,0,0.4898039996623993,0
proto,3,TCGA-DM-A1DB_nonMSIH,0,0.4882851839065552,0
proto,3,TCGA-DM-A1HA_nonMSIH,0,0.49452751874923706,0
proto,3,TCGA-DM-A28K_nonMSIH,0,0.49085918068885803,0
proto,3,TCGA-DT-5265_nonMSIH,0,0.5027266144752502,1
proto,3,TCGA-DY-A1DC_nonMSIH,0,0.48684048652648926,0
proto,3,TCGA-EI-6508_nonMSIH,0,0.5030377507209778,1
proto,3,TCGA-EI-6510_nonMSIH,0,0.49906402826309204,0
proto,3,TCGA-EI-6512_nonMSIH,0,0.5027164816856384,1
proto,3,TCGA-EI-6882_MSIH,1,0.49702009558677673,0
proto,3,TCGA-EI-6885_nonMSIH,0,0.4978366494178772,0
proto,3,TCGA-EI-7002_nonMSIH,0,0.49412277340888977,0
proto,3,TCGA-F4-6460_nonMSIH,0,0.4882957637310028,0
proto,3,TCGA-F4-6570_MSIH,1,0.5092532634735107,1
proto,3,TCGA-F4-6704_nonMSIH,0,0.5030902624130249,1
proto,3,TCGA-F4-6854_nonMSIH,0,0.4960111677646637,0
proto,3,TCGA-F4-6856_MSIH,1,0.5077888369560242,1
proto,3,TCGA-F5-6464_nonMSIH,0,0.5014240145683289,1
proto,3,TCGA-F5-6863_nonMSIH,0,0.49169352650642395,0
proto,3,TCGA-G4-6298_nonMSIH,0,0.5027163028717041,1
proto,3,TCGA-G4-6302_MSIH,1,0.5101994276046753,1
proto,3,TCGA-G4-6309_MSIH,1,0.5037348866462708,1
proto,3,TCGA-G4-6315_nonMSIH,0,0.49428579211235046,0
proto,3,TCGA-G4-6317_nonMSIH,0,0.4937664270401001,0
proto,3,TCGA-G4-6626_nonMSIH,0,0.4998660683631897,0
proto,3,TCGA-G4-6627_nonMSIH,0,0.49755892157554626,0
proto,3,TCGA-G5-6641_nonMSIH,0,0.4998056888580322,0
proto,3,TCGA-NH-A50T_nonMSIH,0,0.4930882453918457,0
proto,3,TCGA-NH-A6GB_nonMSIH,0,0.4934912621974945,0
proto,3,TCGA-QG-A5Z1_nonMSIH,0,0.49318772554397583,0
proto,3,TCGA-SS-A7HO_nonMSIH,0,0.4874306321144104,0
proto,4,TCGA-3L-AA1B_nonMSIH,0,0.47817081212997437,0
proto,4,TCGA-A6-4105_nonMSIH,0,0.5070428252220154,1
proto,4,TCGA-A6-5657_nonMSIH,0,0.5041972398757935,1
proto,4,TCGA-A6-5660_nonMSIH,0,0.5014681816101074,1
proto,4,TCGA-A6-5662_nonMSIH,0,0.4997764825820923,0
proto,4,TCGA-A6-5664_nonMSIH,0,0.49614036083221436,0
proto,4,TCGA-A6-A566_nonMSIH,0,0.49634093046188354,0
proto,4,TCGA-AA-3666_nonMSIH,0,0.4867331385612488,0
proto,4,TCGA-AA-3678_nonMSIH,0,0.4892945885658264,0
proto,4,TCGA-AA-3696_nonMSIH,0,0.48765483498573303,0
proto,4,TCGA-AA-3814_nonMSIH,0,0.48991987109184265,0
proto,4,TCGA-AA-3846_nonMSIH,0,0.49256667494773865,0
proto,4,TCGA-AA-3851_nonMSIH,0,0.49207642674446106,0
proto,4,TCGA-AA-3855_nonMSIH,0,0.4918977916240692,0
proto,4,TCGA-AA-3952_nonMSIH,0,0.49557435512542725,0
proto,4,TCGA-AA-3971_nonMSIH,0,0.4883776605129242,0
proto,4,TCGA-AA-3982_nonMSIH,0,0.490090548992157,0
proto,4,TCGA-AA-A01P_MSIH,1,0.5004109144210815,1
proto,4,TCGA-AA-A03J_nonMSIH,0,0.48757147789001465,0
proto,4,TCGA-AD-6964_MSIH,1,0.5159269571304321,1
proto,4,TCGA-AF-2693_nonMSIH,0,0.5013257265090942,1
proto,4,TCGA-AF-6672_nonMSIH,0,0.4963051974773407,0
proto,4,TCGA-AG-3727_nonMSIH,0,0.48800188302993774,0
proto,4,TCGA-AG-3885_nonMSIH,0,0.4895733594894409,0
proto,4,TCGA-AG-3893_nonMSIH,0,0.48846614360809326,0
proto,4,TCGA-AG-3896_nonMSIH,0,0.4881918132305145,0
proto,4,TCGA-AG-4001_nonMSIH,0,0.4935217797756195,0
proto,4,TCGA-AG-4008_nonMSIH,0,0.49384406208992004,0
proto,4,TCGA-AG-A015_nonMSIH,0,0.48746052384376526,0
proto,4,TCGA-AG-A01L_nonMSIH,0,0.4887321889400482,0
proto,4,TCGA-AG-A01N_nonMSIH,0,0.490468293428421,0
proto,4,TCGA-AG-A01Y_nonMSIH,0,0.4933818578720093,0
proto,4,TCGA-AG-A026_nonMSIH,0,0.48804134130477905,0
proto,4,TCGA-AH-6544_nonMSIH,0,0.5057064294815063,1
proto,4,TCGA-AM-5821_MSIH,1,0.5107482075691223,1
proto,4,TCGA-AY-4070_nonMSIH,0,0.505451500415802,1
proto,4,TCGA-AY-4071_nonMSIH,0,0.5016799569129944,1
proto,4,TCGA-AZ-4616_nonMSIH,0,0.5071436166763306,1
proto,4,TCGA-AZ-4681_nonMSIH,0,0.4993249475955963,0
proto,4,TCGA-AZ-4682_nonMSIH,0,0.5041875243186951,1
proto,4,TCGA-AZ-5403_nonMSIH,0,0.4945482015609741,0
proto,4,TCGA-AZ-6605_nonMSIH,0,0.5043154358863831,1
proto,4,TCGA-CA-5256_nonMSIH,0,0.49286335706710815,0
proto,4,TCGA-CA-6716_nonMSIH,0,0.491657555103302,0
proto,4,TCGA-CA-6718_nonMSIH,0,0.5076030492782593,1
proto,4,TCGA-CA-6719_nonMSIH,0,0.49724626541137695,0
proto,4,TCGA-CI-6622_nonMSIH,0,0.5072829127311707,1
proto,4,TCGA-CK-4948_nonMSIH,0,0.5080886483192444,1
proto,4,TCGA-CK-4952_nonMSIH,0,0.5081111788749695,1
proto,4,TCGA-CK-5912_nonMSIH,0,0.5000983476638794,1
proto,4,TCGA-CK-5913_MSIH,1,0.5115460753440857,1
proto,4,TCGA-CK-5914_nonMSIH,0,0.4974149167537689,0
proto,4,TCGA-CK-6747_MSIH,1,0.5054853558540344,1
proto,4,TCGA-CK-6748_nonMSIH,0,0.5030274987220764,1
proto,4,TCGA-CM-5349_nonMSIH,0,0.5056196451187134,1
proto,4,TCGA-CM-6163_nonMSIH,0,0.5060824155807495,1
proto,4,TCGA-CM-6166_nonMSIH,0,0.49028801918029785,0
proto,4,TCGA-CM-6168_nonMSIH,0,0.5095411539077759,1
proto,4,TCGA-CM-6169_nonMSIH,0,0.5029560923576355,1
proto,4,TCGA-CM-6172_nonMSIH,0,0.5086653232574463,1
proto,4,TCGA-CM-6675_nonMSIH,0,0.5059298872947693,1
proto,4,TCGA-D5-5538_nonMSIH,0,0.5038993954658508,1
proto,4,TCGA-D5-6532_nonMSIH,0,0.5046243071556091,1
proto,4,TCGA-D5-6535_nonMSIH,0,0.5066908597946167,1
proto,4,TCGA-D5-6537_nonMSIH,0,0.5014421939849854,1
proto,4,TCGA-D5-6538_nonMSIH,0,0.4982117712497711,0
proto,4,TCGA-D5-6920_nonMSIH,0,0.5040663480758667,1
proto,4,TCGA-D5-6922_nonMSIH,0,0.5019288063049316,1
proto,4,TCGA-D5-6924_nonMSIH,0,0.5048108696937561,1
proto,4,TCGA-DC-4745_nonMSIH,0,0.5010645985603333,1
proto,4,TCGA-DC-4749_nonMSIH,0,0.48816147446632385,0
proto,4,TCGA-DC-6157_nonMSIH,0,0.49442237615585327,0
proto,4,TCGA-DC-6160_nonMSIH,0,0.4945693016052246,0
proto,4,TCGA-DM-A1D9_nonMSIH,0,0.48689892888069153,0
proto,4,TCGA-DM-A282_nonMSIH,0,0.48556962609291077,0
proto,4,TCGA-DY-A0XA_nonMSIH,0,0.4761817753314972,0
proto,4,TCGA-EF-5830_nonMSIH,0,0.49578404426574707,0
proto,4,TCGA-EI-6511_nonMSIH,0,0.5005866289138794,1
proto,4,TCGA-EI-6513_nonMSIH,0,0.5010977983474731,1
proto,4,TCGA-EI-6884_nonMSIH,0,0.5068132877349854,1
proto,4,TCGA-F4-6459_nonMSIH,0,0.49972960352897644,0
proto,4,TCGA-F4-6461_nonMSIH,0,0.5049023628234863,1
proto,4,TCGA-F4-6569_nonMSIH,0,0.4977756440639496,0
proto,4,TCGA-F4-6703_MSIH,1,0.5050548315048218,1
proto,4,TCGA-F4-6805_nonMSIH,0,0.5009061694145203,1
proto,4,TCGA-F4-6806_nonMSIH,0,0.48941895365715027,0
proto,4,TCGA-G4-6294_nonMSIH,0,0.4940820038318634,0
proto,4,TCGA-G4-6295_nonMSIH,0,0.5044063925743103,1
proto,4,TCGA-G4-6303_nonMSIH,0,0.4981733560562134,0
proto,4,TCGA-G4-6304_MSIH,1,0.5064558386802673,1
proto,4,TCGA-G4-6306_nonMSIH,0,0.49476709961891174,0
proto,4,TCGA-G4-6307_nonMSIH,0,0.4881475269794464,0
proto,4,TCGA-G4-6320_MSIH,1,0.4953469932079315,0
proto,4,TCGA-G4-6321_nonMSIH,0,0.5092467069625854,1
proto,4,TCGA-G4-6628_MSIH,1,0.5055108070373535,1
proto,4,TCGA-NH-A5IV_MSIH,1,0.48814135789871216,0
proto,4,TCGA-NH-A6GA_nonMSIH,0,0.4836588203907013,0
proto,4,TCGA-QG-A5YW_nonMSIH,0,0.4914725720882416,0
proto,4,TCGA-QG-A5Z2_MSIH,1,0.48871684074401855,0
proto,4,TCGA-QL-A97D_nonMSIH,0,0.48351404070854187,0
proto,4,TCGA-WS-AB45_MSIH,1,0.49983376264572144,0
rf,1,TCGA-5M-AAT4_nonMSIH,0,0.06543818949867339,0
rf,1,TCGA-5M-AAT6_MSIH,1,0.10810052012197958,0
rf,1,TCGA-A6-2671_nonMSIH,0,0.09539755802869408,0
rf,1,TCGA-A6-2686_MSIH,1,0.10464440133037693,0
rf,1,TCGA-A6-3807_nonMSIH,0,0.12335160941209326,0
rf,1,TCGA-A6-5661_MSIH,1,0.18169917039482258,0
rf,1,TCGA-A6-6137_nonMSIH,0,0.12484061765723757,0
rf,1,TCGA-A6-6651_nonMSIH,0,0.06515576496674058,0
rf,1,TCGA-A6-6652_nonMSIH,0,0.13504034003630774,0
rf,1,TCGA-A6-6654_nonMSIH,0,0.11717357910906298,0
rf,1,TCGA-A6-A565_nonMSIH,0,0.22679204666301442,0
rf,1,TCGA-A6-A567_nonMSIH,0,0.05215255983853545,0
rf,1,TCGA-AA-3679_nonMSIH,0,0.18135664335664337,0
rf,1,TCGA-AA-3680_nonMSIH,0,0.023418181818181817,0
rf,1,TCGA-AA-3684_nonMSIH,0,0.35107572708981155,1
rf,1,TCGA-AA-3688_nonMSIH,0,0.05984024577572965,0
rf,1,TCGA-AA-3693_nonMSIH,0,0.10455874296481507,0
rf,1,TCGA-AA-3812_nonMSIH,0,0.025666666666666667,0
rf,1,TCGA-AA-3818_nonMSIH,0,0.03909523809523809,0
rf,1,TCGA-AA-3831_nonMSIH,0,0.030623310023310025,0
rf,1,TCGA-AA-3833_MSIH,1,0.3723067711274232,1
rf,1,TCGA-AA-3837_nonMSIH,0,0.015484848484848487,0
rf,1,TCGA-AA-3850_nonMSIH,0,0.0714739454094293,0
rf,1,TCGA-AA-3854_nonMSIH,0,0.09838736532284921,0
rf,1,TCGA-AA-3866_nonMSIH,0,0.09023636363636363,0
rf,1,TCGA-AA-3867_nonMSIH,0,0.18868131868131868,0
rf,1,TCGA-AA-3875_nonMSIH,0,0.1090435765215177,0
rf,1,TCGA-AA-3947_MSIH,1,0.3445219833929512,1
rf,1,TCGA-AA-3949_MSIH,1,0.537581884513336,1
rf,1,TCGA-AA-3979_nonMSIH,0,0.05762770562770563,0
rf,1,TCGA-AA-3984_nonMSIH,0,0.10938349282560447,0
rf,1,TCGA-AA-3994_nonMSIH,0,0.20920009426057815,0
rf,1,TCGA-AA-A01S_nonMSIH,0,0.10980165661827654,0
rf,1,TCGA-AA-A01X_nonMSIH,0,0.07514855971517963,0
rf,1,TCGA-AD-6888_nonMSIH,0,0.09911255411255411,0
rf,1,TCGA-AD-6901_nonMSIH,0,0.19563636363636364,0
rf,1,TCGA-AD-6963_nonMSIH,0,0.13686034255599475,0
rf,1,TCGA-AF-2687_nonMSIH,0,0.060307862868838484,0
rf,1,TCGA-AF-4110_nonMSIH,0,0.06577572964669738,0
rf,1,TCGA-AF-6136_nonMSIH,0,0.07123644137552589,0
rf,1,TCGA-AG-3726_nonMSIH,0,0.03981818181818182,0
rf,1,TCGA-AG-3878_nonMSIH,0,0.09538961038961039,0
rf,1,TCGA-AG-3892_nonMSIH,0,0.2809272447982125,0
rf,1,TCGA-AG-4021_nonMSIH,0,0.1849971149998143,0
rf,1,TCGA-AG-4022_nonMSIH,0,0.1501031467947667,0
rf,1,TCGA-AG-A008_nonMSIH,0,0.06372381216671293,0
rf,1,TCGA-AG-A011_nonMSIH,0,0.3075232041373106,1
rf,1,TCGA-AG-A01W_nonMSIH,0,0.10192653908874723,0
rf,1,TCGA-AG-A02N_MSIH,1,0.24604537398085785,0
rf,1,TCGA-AH-6903_nonMSIH,0,0.205128740824393,0
rf,1,TCGA-AY-6196_nonMSIH,0,0.2793105268715025,0
rf,1,TCGA-AY-A69D_nonMSIH,0,0.07309045306485372,0
rf,1,TCGA-AZ-4614_nonMSIH,0,0.10071512358609133,0
rf,1,TCGA-AZ-4615_MSIH,1,0.3148033229954347,1
rf,1,TCGA-AZ-6603_nonMSIH,0,0.05667416323513884,0
rf,1,TCGA-CA-5255_nonMSIH,0,0.13978210678210679,0
rf,1,TCGA-CA-5797_nonMSIH,0,0.07555731225296444,0
rf,1,TCGA-CI-6624_nonMSIH,0,0.09844552126617342,0
rf,1,TCGA-CK-4947_nonMSIH,0,0.20164484697163515,0
rf,1,TCGA-CK-5916_MSIH,1,0.45346299665510825,1
rf,1,TCGA-CL-5917_nonMSIH,0,0.1961060754089865,0
rf,1,TCGA-CM-4743_MSIH,1,0.3010642784962218,1
rf,1,TCGA-CM-4744_nonMSIH,0,0.16115284715284714,0
rf,1,TCGA-CM-5344_nonMSIH,0,0.14750815850815852,0
rf,1,TCGA-CM-5868_nonMSIH,0,0.09566666666666668,0
rf,1,TCGA-CM-6165_nonMSIH,0,0.27130303030303027,0
rf,1,TCGA-CM-6678_nonMSIH,0,0.19102622371784364,0
rf,1,TCGA-D5-5537_nonMSIH,0,0.10500131296940551,0
rf,1,TCGA-D5-6529_nonMSIH,0,0.11327381220929608,0
rf,1,TCGA-D5-6531_nonMSIH,0,0.09391051455573511,0
rf,1,TCGA-D5-6534_nonMSIH,0,0.12670882740447956,0
rf,1,TCGA-D5-6539_nonMSIH,0,0.1486931818181818,0
rf,1,TCGA-D5-6540_MSIH,1,0.12844588744588742,0
rf,1,TCGA-D5-6541_nonMSIH,0,0.1048261294572655,0
rf,1,TCGA-D5-6898_nonMSIH,0,0.09678674948240164,0
rf,1,TCGA-D5-6927_MSIH,1,0.2636393619564736,0
rf,1,TCGA-D5-6931_nonMSIH,0,0.23089007095055483,0
rf,1,TCGA-DC-6682_nonMSIH,0,0.18284670879627718,0
rf,1,TCGA-DM-A1D6_nonMSIH,0,0.04746417603923615,0
rf,1,TCGA-DM-A1D8_nonMSIH,0,0.049595959595959596,0
rf,1,TCGA-DM-A280_nonMSIH,0,0.08676244045809263,0
rf,1,TCGA-DM-A288_nonMSIH,0,0.08072069865618253,0
rf,1,TCGA-DM-A28A_nonMSIH,0,0.031378707314191186,0
rf,1,TCGA-DM-A28E_nonMSIH,0,0.058776975712459587,0
rf,1,TCGA-DM-A28H_nonMSIH,0,0.08634246303408294,0
rf,1,TCGA-DY-A1DD_nonMSIH,0,0.05662854349951124,0
rf,1,TCGA-EI-6506_nonMSIH,0,0.10932088744588744,0
rf,1,TCGA-EI-6507_MSIH,1,0.2905911550995645,0
rf,1,TCGA-EI-6514_nonMSIH,0,0.03474667268215655,0
rf,1,TCGA-EI-6883_nonMSIH,0,0.11533304189966181,0
rf,1,TCGA-F4-6808_nonMSIH,0,0.0931125541125541,0
rf,1,TCGA-F4-6809_nonMSIH,0,0.15867852437417654,0
rf,1,TCGA-F5-6465_nonMSIH,0,0.069182237117721,0
rf,1,TCGA-F5-6811_nonMSIH,0,0.08341818181818182,0
rf,1,TCGA-G4-6293_nonMSIH,0,0.08714285714285715,0
rf,1,TCGA-G4-6297_nonMSIH,0,0.14062812456360843,0
rf,1,TCGA-G4-6311_nonMSIH,0,0.29671470465018845,0
rf,1,TCGA-G4-6322_nonMSIH,0,0.2266776762487041,0
rf,1,TCGA-G4-6323_nonMSIH,0,0.08448580311693915,0
rf,1,TCGA-G4-6586_MSIH,1,0.42545004720618324,1
rf,1,TCGA-G4-6588_MSIH,1,0.3858002776209299,1
rf,1,TCGA-NH-A50V_nonMSIH,0,0.10518783284042836,0
rf,1,TCGA-QG-A5YX_nonMSIH,0,0.0803324529420219,0
rf,2,TCGA-4N-A93T_nonMSIH,0,0.08069709719920098,0
rf,2,TCGA-A6-2685_nonMSIH,0,0.0839004329004329,0
rf,2,TCGA-A6-4107_nonMSIH,0,0.06465308000032857,0
rf,2,TCGA-A6-5665_MSIH,1,0.29889300503910926,0
rf,2,TCGA-A6-6648_nonMSIH,0,0.06534181062454307,0
rf,2,TCGA-A6-6653_MSIH,1,0.2015893278132367,0
rf,2,TCGA-A6-A56B_nonMSIH,0,0.06650518084066472,0
rf,2,TCGA-AA-3664_nonMSIH,0,0.03927759197324415,0
rf,2,TCGA-AA-3673_nonMSIH,0,0.03166666666666667,0
rf,2,TCGA-AA-3681_nonMSIH,0,0.040513814616755794,0
rf,2,TCGA-AA-3692_nonMSIH,0,0.052,0
rf,2,TCGA-AA-3811_MSIH,1,0.1213131062485901,0
rf,2,TCGA-AA-3821_MSIH,1,0.11511255411255412,0
rf,2,TCGA-AA-3842_nonMSIH,0,0.017904761904761906,0
rf,2,TCGA-AA-3845_MSIH,1,0.29970021645021644,0
rf,2,TCGA-AA-3856_nonMSIH,0,0.021636363636363638,0
rf,2,TCGA-AA-3877_MSIH,1,0.14758758314855874,0
rf,2,TCGA-AA-3950_MSIH,1,0.25453817010479,0
rf,2,TCGA-AA-3966_MSIH,1,0.24986218211428587,0
rf,2,TCGA-AA-3968_nonMSIH,0,0.07725424981522543,0
rf,2,TCGA-AA-3976_nonMSIH,0,0.042,0
rf,2,TCGA-AA-3986_nonMSIH,0,0.028,0
rf,2,TCGA-AA-A02E_nonMSIH,0,0.02387224731789949,0
rf,2,TCGA-AA-A02O_nonMSIH,0,0.08380336867433642,0
rf,2,TCGA-AD-5900_MSIH,1,0.1928099427454266,0
rf,2,TCGA-AD-6889_MSIH,1,0.09728862255089461,0
rf,2,TCGA-AD-6965_nonMSIH,0,0.05657184750733138,0
rf,2,TCGA-AF-2690_nonMSIH,0,0.10224622829963115,0
rf,2,TCGA-AF-6655_nonMSIH,0,0.08474080086580085,0
rf,2,TCGA-AF-A56L_nonMSIH,0,0.07647660941209328,0
rf,2,TCGA-AF-A56N_nonMSIH,0,0.05248240651354256,0
rf,2,TCGA-AG-3894_nonMSIH,0,0.04265967365967366,0
rf,2,TCGA-AG-3902_nonMSIH,0,0.06478521478521478,0
rf,2,TCGA-AG-4015_nonMSIH,0,0.02948484848484849,0
rf,2,TCGA-AG-A002_nonMSIH,0,0.12427781185140517,0
rf,2,TCGA-AG-A00C_nonMSIH,0,0.025541125541125538,0
rf,2,TCGA-AG-A020_nonMSIH,0,0.15116437454551054,0
rf,2,TCGA-AG-A02X_nonMSIH,0,0.04162770562770563,0
rf,2,TCGA-AH-6547_nonMSIH,0,0.06778758735420728,0
rf,2,TCGA-AH-6644_nonMSIH,0,0.08984511590559977,0
rf,2,TCGA-AH-6897_nonMSIH,0,0.05715151515151515,0
rf,2,TCGA-AU-3779_nonMSIH,0,0.07035148722245498,0
rf,2,TCGA-AY-6386_nonMSIH,0,0.13524717218265606,0
rf,2,TCGA-AY-A54L_nonMSIH,0,0.06213083019131407,0
rf,2,TCGA-AY-A71X_nonMSIH,0,0.15659419251375362,0
rf,2,TCGA-AY-A8YK_nonMSIH,0,0.06117937621051226,0
rf,2,TCGA-AZ-4315_nonMSIH,0,0.12707668676122563,0
rf,2,TCGA-AZ-6598_MSIH,1,0.34063186538800144,1
rf,2,TCGA-AZ-6599_nonMSIH,0,0.09707834101382488,0
rf,2,TCGA-AZ-6606_nonMSIH,0,0.2116931818181818,0
rf,2,TCGA-CA-5254_nonMSIH,0,0.05909826855005677,0
rf,2,TCGA-CK-5915_nonMSIH,0,0.04065101565101566,0
rf,2,TCGA-CL-5918_nonMSIH,0,0.0970374793444131,0
rf,2,TCGA-CM-4747_nonMSIH,0,0.12238582251082249,0
rf,2,TCGA-CM-4750_nonMSIH,0,0.06657518825260762,0
rf,2,TCGA-CM-4752_nonMSIH,0,0.10868956849602011,0
rf,2,TCGA-CM-5348_nonMSIH,0,0.10270533627195619,0
rf,2,TCGA-CM-5860_nonMSIH,0,0.16311462450592887,0
rf,2,TCGA-CM-5862_nonMSIH,0,0.1964679514034353,0
rf,2,TCGA-CM-5863_nonMSIH,0,0.22912185853362318,0
rf,2,TCGA-CM-5864_nonMSIH,0,0.0913030303030303,0
rf,2,TCGA-CM-6162_MSIH,1,0.27351033961775645,0
rf,2,TCGA-CM-6164_nonMSIH,0,0.15247702834799612,0
rf,2,TCGA-CM-6167_nonMSIH,0,0.1682617463836976,0
rf,2,TCGA-D5-5540_nonMSIH,0,0.12423472629521015,0
rf,2,TCGA-D5-5541_nonMSIH,0,0.12706867588932805,0
rf,2,TCGA-D5-6533_nonMSIH,0,0.17309073984687587,0
rf,2,TCGA-D5-6926_nonMSIH,0,0.13701731601731604,0
rf,2,TCGA-D5-6929_nonMSIH,0,0.0905676406926407,0
rf,2,TCGA-DC-5337_nonMSIH,0,0.1259047619047619,0
rf,2,TCGA-DC-5869_nonMSIH,0,0.08338137131685518,0
rf,2,TCGA-DC-6154_MSIH,1,0.07511772098868873,0
rf,2,TCGA-DC-6155_nonMSIH,0,0.14247073216638434,0
rf,2,TCGA-DC-6158_nonMSIH,0,0.1370020703933747,0
rf,2,TCGA-DM-A1D0_nonMSIH,0,0.07505669599217987,0
rf,2,TCGA-DM-A1D4_nonMSIH,0,0.06487445887445888,0
rf,2,TCGA-DM-A1DA_nonMSIH,0,0.06109494666156658,0
rf,2,TCGA-DM-A285_nonMSIH,0,0.13424492711589484,0
rf,2,TCGA-DM-A28F_nonMSIH,0,0.07653689366189367,0
rf,2,TCGA-DM-A28G_nonMSIH,0,0.05721619556913675,0
rf,2,TCGA-DM-A28M_nonMSIH,0,0.08418614718614718,0
rf,2,TCGA-DY-A1DF_nonMSIH,0,0.03945454545454545,0
rf,2,TCGA-DY-A1DG_nonMSIH,0,0.04683340883922279,0
rf,2,TCGA-EI-6509_nonMSIH,0,0.14754112554112556,0
rf,2,TCGA-EI-6881_nonMSIH,0,0.11389683739108292,0
rf,2,TCGA-EI-7004_nonMSIH,0,0.28649696053587725,0
rf,2,TCGA-F4-6463_nonMSIH,0,0.16347660941209327,0
rf,2,TCGA-F4-6807_nonMSIH,0,0.17347660941209328,0
rf,2,TCGA-F4-6855_nonMSIH,0,0.2431594306558901,0
rf,2,TCGA-F5-6571_nonMSIH,0,0.0757229437229437,0
rf,2,TCGA-F5-6702_nonMSIH,0,0.08911255411255409,0
rf,2,TCGA-F5-6864_nonMSIH,0,0.11963636363636362,0
rf,2,TCGA-G4-6299_nonMSIH,0,0.3044538350849711,1
rf,2,TCGA-NH-A50U_nonMSIH,0,0.09624612750275527,0
rf,2,TCGA-NH-A6GC_nonMSIH,0,0.28435064935064935,0
rf,2,TCGA-NH-A8F8_nonMSIH,0,0.06826935290048895,0
rf,2,TCGA-QG-A5YV_nonMSIH,0,0.060611227482195225,0
rf,3,TCGA-5M-AATE_nonMSIH,0,0.03315431627196333,0
rf,3,TCGA-A6-2681_nonMSIH,0,0.14293939393939392,0
rf,3,TCGA-A6-5666_nonMSIH,0,0.09478713628359577,0
rf,3,TCGA-A6-5667_nonMSIH,0,0.060797412239523896,0
rf,3,TCGA-A6-6138_nonMSIH,0,0.28837046824143603,0
rf,3,TCGA-A6-6142_nonMSIH,0,0.12013022246570633,0
rf,3,TCGA-A6-6649_nonMSIH,0,0.0717789661319073,0
rf,3,TCGA-AA-3667_nonMSIH,0,0.03193548387096774,0
rf,3,TCGA-AA-3715_MSIH,1,0.4181227178430863,1
rf,3,TCGA-AA-3819_nonMSIH,0,0.01781818181818182,0
rf,3,TCGA-AA-3844_nonMSIH,0,0.052,0
rf,3,TCGA-AA-3848_nonMSIH,0,0.04180952380952381,0
rf,3,TCGA-AA-3852_nonMSIH,0,0.04327532467532467,0
rf,3,TCGA-AA-3858_nonMSIH,0,0.05035664335664336,0
rf,3,TCGA-AA-3864_MSIH,1,0.27932509426057817,0
rf,3,TCGA-AA-3956_nonMSIH,0,0.005538461538461538,0
rf,3,TCGA-AA-3973_nonMSIH,0,0.22235973173168294,0
rf,3,TCGA-AA-3975_nonMSIH,0,0.08937979094076655,0
rf,3,TCGA-AA-3989_nonMSIH,0,0.017666666666666667,0
rf,3,TCGA-AA-A010_nonMSIH,0,0.1279209164818921,0
rf,3,TCGA-AA-A01R_MSIH,1,0.2601739980449657,0
rf,3,TCGA-AA-A01T_nonMSIH,0,0.051950300174209096,0
rf,3,TCGA-AA-A01V_nonMSIH,0,0.04758275058275057,0
rf,3,TCGA-AA-A01Z_nonMSIH,0,0.0820710933595184,0
rf,3,TCGA-AA-A024_nonMSIH,0,0.07755873018986623,0
rf,3,TCGA-AA-A02F_nonMSIH,0,0.08406868400416788,0
rf,3,TCGA-AA-A02H_nonMSIH,0,0.0532943722943723,0
rf,3,TCGA-AA-A02Y_nonMSIH,0,0.06850634413025304,0
rf,3,TCGA-AA-A03F_nonMSIH,0,0.03696418693692725,0
rf,3,TCGA-AD-6548_nonMSIH,0,0.17958916352464738,0
rf,3,TCGA-AD-6890_nonMSIH,0,0.13132954545454545,0
rf,3,TCGA-AD-A5EJ_MSIH,1,0.15141315656059695,0
rf,3,TCGA-AD-A5EK_nonMSIH,0,0.07305344951932224,0
rf,3,TCGA-AF-3911_nonMSIH,0,0.08847732525600227,0
rf,3,TCGA-AF-A56K_nonMSIH,0,0.06649279612393216,0
rf,3,TCGA-AG-3882_nonMSIH,0,0.02679404466501241,0
rf,3,TCGA-AG-3883_nonMSIH,0,0.0952077922077922,0
rf,3,TCGA-AG-3887_nonMSIH,0,0.046261405261405264,0
rf,3,TCGA-AG-3890_nonMSIH,0,0.035571428571428566,0
rf,3,TCGA-AG-3898_nonMSIH,0,0.044919578208003255,0
rf,3,TCGA-AG-3901_nonMSIH,0,0.030008658008658002,0
rf,3,TCGA-AG-3909_nonMSIH,0,0.06,0
rf,3,TCGA-AG-A016_nonMSIH,0,0.12048535204632764,0
rf,3,TCGA-AH-6643_nonMSIH,0,0.16089776889776888,0
rf,3,TCGA-AM-5820_nonMSIH,0,0.29038673146401134,0
rf,3,TCGA-AU-6004_MSIH,1,0.24072588877448214,0
rf,3,TCGA-AY-5543_nonMSIH,0,0.17203513607002055,0
rf,3,TCGA-AY-6197_MSIH,1,0.2930370570944922,0
rf,3,TCGA-AZ-4308_nonMSIH,0,0.19278339050375892,0
rf,3,TCGA-AZ-5407_nonMSIH,0,0.10611750573143433,0
rf,3,TCGA-AZ-6600_nonMSIH,0,0.35021636596863936,1
rf,3,TCGA-CA-5796_nonMSIH,0,0.04415568302665079,0
rf,3,TCGA-CA-6715_nonMSIH,0,0.08957684251232638,0
rf,3,TCGA-CA-6717_nonMSIH,0,0.11067082642696247,0
rf,3,TCGA-CK-4950_nonMSIH,0,0.363920906097095,1
rf,3,TCGA-CK-4951_MSIH,1,0.3629139556096078,1
rf,3,TCGA-CK-6746_MSIH,1,0.30678149461343796,1
rf,3,TCGA-CK-6751_nonMSIH,0,0.1863749194354033,0
rf,3,TCGA-CL-4957_nonMSIH,0,0.07364156945917286,0
rf,3,TCGA-CM-4746_MSIH,1,0.05166276230798287,0
rf,3,TCGA-CM-4751_nonMSIH,0,0.2316035767511177,0
rf,3,TCGA-CM-5341_nonMSIH,0,0.10153263182105687,0
rf,3,TCGA-CM-5861_MSIH,1,0.3311765241606014,1
rf,3,TCGA-CM-6161_nonMSIH,0,0.06046570633667408,0
rf,3,TCGA-CM-6170_nonMSIH,0,0.04208000601548988,0
rf,3,TCGA-CM-6171_MSIH,1,0.09880994274542661,0
rf,3,TCGA-CM-6674_MSIH,1,0.16512021496961563,0
rf,3,TCGA-CM-6676_nonMSIH,0,0.03719108232281389,0
rf,3,TCGA-CM-6677_nonMSIH,0,0.10142313347626442,0
rf,3,TCGA-CM-6679_nonMSIH,0,0.05788670338316287,0
rf,3,TCGA-D5-5539_nonMSIH,0,0.097196889132373,0
rf,3,TCGA-D5-6530_MSIH,1,0.21697318529997353,0
rf,3,TCGA-D5-6536_nonMSIH,0,0.14519080507856894,0
rf,3,TCGA-D5-6928_MSIH,1,0.12592198106942143,0
rf,3,TCGA-D5-6930_MSIH,1,0.16948779353638685,0
rf,3,TCGA-D5-6932_nonMSIH,0,0.11988853267341719,0
rf,3,TCGA-DC-6681_nonMSIH,0,0.04690111114375821,0
rf,3,TCGA-DC-6683_nonMSIH,0,0.09048048735427043,0
rf,3,TCGA-DM-A0X9_nonMSIH,0,0.049676742612226474,0
rf,3,TCGA-DM-A0XD_nonMSIH,0,0.0930150709505548,0
rf,3,TCGA-DM-A0XF_nonMSIH,0,0.0729619990224829,0
rf,3,TCGA-DM-A1D7_nonMSIH,0,0.04593548387096774,0
rf,3,TCGA-DM-A1DB_nonMSIH,0,0.04905019843182622,0
rf,3,TCGA-DM-A1HA_nonMSIH,0,0.09217275646052027,0
rf,3,TCGA-DM-A28K_nonMSIH,0,0.09687487781036169,0
rf,3,TCGA-DT-5265_nonMSIH,0,0.10730992721815143,0
rf,3,TCGA-DY-A1DC_nonMSIH,0,0.04730419359261863,0
rf,3,TCGA-EI-6508_nonMSIH,0,0.12259800739076891,0
rf,3,TCGA-EI-6510_nonMSIH,0,0.18088723907935073,0
rf,3,TCGA-EI-6512_nonMSIH,0,0.11441347646660738,0
rf,3,TCGA-EI-6882_MSIH,1,0.08315610196255357,0
rf,3,TCGA-EI-6885_nonMSIH,0,0.07812596006144393,0
rf,3,TCGA-EI-7002_nonMSIH,0,0.04563229243874405,0
rf,3,TCGA-F4-6460_nonMSIH,0,0.046662375604165175,0
rf,3,TCGA-F4-6570_MSIH,1,0.312632828134932,1
rf,3,TCGA-F4-6704_nonMSIH,0,0.2379567289752377,0
rf,3,TCGA-F4-6854_nonMSIH,0,0.1234739454094293,0
rf,3,TCGA-F4-6856_MSIH,1,0.2865381379700813,0
rf,3,TCGA-F5-6464_nonMSIH,0,0.16092815375140143,0
rf,3,TCGA-F5-6863_nonMSIH,0,0.04133333333333333,0
rf,3,TCGA-G4-6298_nonMSIH,0,0.2000065849747781,0
rf,3,TCGA-G4-6302_MSIH,1,0.4990157122948715,1
rf,3,TCGA-G4-6309_MSIH,1,0.40215810012629327,1
rf,3,TCGA-G4-6315_nonMSIH,0,0.08893922469536075,0
rf,3,TCGA-G4-6317_nonMSIH,0,0.17655258467023172,0
rf,3,TCGA-G4-6626_nonMSIH,0,0.21472220121866067,0
rf,3,TCGA-G4-6627_nonMSIH,0,0.188154714850367,0
rf,3,TCGA-G5-6641_nonMSIH,0,0.2760976952898069,0
rf,3,TCGA-NH-A50T_nonMSIH,0,0.1245048311319349,0
rf,3,TCGA-NH-A6GB_nonMSIH,0,0.08745338401435962,0
rf,3,TCGA-QG-A5Z1_nonMSIH,0,0.0879544513457557,0
rf,3,TCGA-SS-A7HO_nonMSIH,0,0.0784564969344381,0
rf,4,TCGA-3L-AA1B_nonMSIH,0,0.032510822510822504,0
rf,4,TCGA-A6-4105_nonMSIH,0,0.13082121227300048,0
rf,4,TCGA-A6-5657_nonMSIH,0,0.11777680103907313,0
rf,4,TCGA-A6-5660_nonMSIH,0,0.16215658423564588,0
rf,4,TCGA-A6-5662_nonMSIH,0,0.11935509190263287,0
rf,4,TCGA-A6-5664_nonMSIH,0,0.09853733766233765,0
rf,4,TCGA-A6-A566_nonMSIH,0,0.15594796194796193,0
rf,4,TCGA-AA-3666_nonMSIH,0,0.0392993795420266,0
rf,4,TCGA-AA-3678_nonMSIH,0,0.047993006993006994,0
rf,4,TCGA-AA-3696_nonMSIH,0,0.029916221033868096,0
rf,4,TCGA-AA-3814_nonMSIH,0,0.04284890378438766,0
rf,4,TCGA-AA-3846_nonMSIH,0,0.08107692307692307,0
rf,4,TCGA-AA-3851_nonMSIH,0,0.07871649184149183,0
rf,4,TCGA-AA-3855_nonMSIH,0,0.0951098901098901,0
rf,4,TCGA-AA-3952_nonMSIH,0,0.2463838743520675,0
rf,4,TCGA-AA-3971_nonMSIH,0,0.08111229946524064,0
rf,4,TCGA-AA-3982_nonMSIH,0,0.05372294372294373,0
rf,4,TCGA-AA-A01P_MSIH,1,0.42805256921826773,1
rf,4,TCGA-AA-A03J_nonMSIH,0,0.04807429848772353,0
rf,4,TCGA-AD-6964_MSIH,1,0.47738986008148,1
rf,4,TCGA-AF-2693_nonMSIH,0,0.153524233934047,0
rf,4,TCGA-AF-6672_nonMSIH,0,0.10581048387096774,0
rf,4,TCGA-AG-3727_nonMSIH,0,0.053852813852813854,0
rf,4,TCGA-AG-3885_nonMSIH,0,0.03496969696969698,0
rf,4,TCGA-AG-3893_nonMSIH,0,0.03533333333333333,0
rf,4,TCGA-AG-3896_nonMSIH,0,0.051904761904761905,0
rf,4,TCGA-AG-4001_nonMSIH,0,0.10081925901055683,0
rf,4,TCGA-AG-4008_nonMSIH,0,0.2086602147852148,0
rf,4,TCGA-AG-A015_nonMSIH,0,0.036832963206424214,0
rf,4,TCGA-AG-A01L_nonMSIH,0,0.041704758078219085,0
rf,4,TCGA-AG-A01N_nonMSIH,0,0.04111048919351406,0
rf,4,TCGA-AG-A01Y_nonMSIH,0,0.16408279220779218,0
rf,4,TCGA-AG-A026_nonMSIH,0,0.08011351417399805,0
rf,4,TCGA-AH-6544_nonMSIH,0,0.16549234505332067,0
rf,4,TCGA-AM-5821_MSIH,1,0.3308324256388772,1
rf,4,TCGA-AY-4070_nonMSIH,0,0.22622286315834697,0
rf,4,TCGA-AY-4071_nonMSIH,0,0.1386892073781972,0
rf,4,TCGA-AZ-4616_nonMSIH,0,0.1940772641992154,0
rf,4,TCGA-AZ-4681_nonMSIH,0,0.1410697869625509,0
rf,4,TCGA-AZ-4682_nonMSIH,0,0.12071269078915692,0
rf,4,TCGA-AZ-5403_nonMSIH,0,0.11509699899681342,0
rf,4,TCGA-AZ-6605_nonMSIH,0,0.13120051319648093,0
rf,4,TCGA-CA-5256_nonMSIH,0,0.061847087564199224,0
rf,4,TCGA-CA-6716_nonMSIH,0,0.05877734896946062,0
rf,4,TCGA-CA-6718_nonMSIH,0,0.16382912239574232,0
rf,4,TCGA-CA-6719_nonMSIH,0,0.058516106147242196,0
rf,4,TCGA-CI-6622_nonMSIH,0,0.15580419300194892,0
rf,4,TCGA-CK-4948_nonMSIH,0,0.1600510266385238,0
rf,4,TCGA-CK-4952_nonMSIH,0,0.21616692722436226,0
rf,4,TCGA-CK-5912_nonMSIH,0,0.11857475083056479,0
rf,4,TCGA-CK-5913_MSIH,1,0.3304916803626481,1
rf,4,TCGA-CK-5914_nonMSIH,0,0.08277194176790952,0
rf,4,TCGA-CK-6747_MSIH,1,0.18284395446541393,0
rf,4,TCGA-CK-6748_nonMSIH,0,0.1510803792724909,0
rf,4,TCGA-CM-5349_nonMSIH,0,0.1548965228320067,0
rf,4,TCGA-CM-6163_nonMSIH,0,0.13563636363636364,0
rf,4,TCGA-CM-6166_nonMSIH,0,0.08128603564160149,0
rf,4,TCGA-CM-6168_nonMSIH,0,0.19677963971512358,0
rf,4,TCGA-CM-6169_nonMSIH,0,0.18116616716616715,0
rf,4,TCGA-CM-6172_nonMSIH,0,0.15472223335336938,0
rf,4,TCGA-CM-6675_nonMSIH,0,0.22861243269091217,0
rf,4,TCGA-D5-5538_nonMSIH,0,0.15306422469536074,0
rf,4,TCGA-D5-6532_nonMSIH,0,0.13491645717308495,0
rf,4,TCGA-D5-6535_nonMSIH,0,0.18537549407114626,0
rf,4,TCGA-D5-6537_nonMSIH,0,0.1473908673590605,0
rf,4,TCGA-D5-6538_nonMSIH,0,0.19148484848484848,0
rf,4,TCGA-D5-6920_nonMSIH,0,0.15964012481825574,0
rf,4,TCGA-D5-6922_nonMSIH,0,0.12053035539729089,0
rf,4,TCGA-D5-6924_nonMSIH,0,0.11615473520786612,0
rf,4,TCGA-DC-4745_nonMSIH,0,0.07373913043478261,0
rf,4,TCGA-DC-4749_nonMSIH,0,0.05713906926406926,0
rf,4,TCGA-DC-6157_nonMSIH,0,0.04723780380442372,0
rf,4,TCGA-DC-6160_nonMSIH,0,0.03733707415772634,0
rf,4,TCGA-DM-A1D9_nonMSIH,0,0.038583827404479576,0
rf,4,TCGA-DM-A282_nonMSIH,0,0.04147394540942929,0
rf,4,TCGA-DY-A0XA_nonMSIH,0,0.01769318181818182,0
rf,4,TCGA-EF-5830_nonMSIH,0,0.12880236192914363,0
rf,4,TCGA-EI-6511_nonMSIH,0,0.19235955705117694,0
rf,4,TCGA-EI-6513_nonMSIH,0,0.13519897213771292,0
rf,4,TCGA-EI-6884_nonMSIH,0,0.29783395460291634,0
rf,4,TCGA-F4-6459_nonMSIH,0,0.10076116225762173,0
rf,4,TCGA-F4-6461_nonMSIH,0,0.24476891678742552,0
rf,4,TCGA-F4-6569_nonMSIH,0,0.12138961038961038,0
rf,4,TCGA-F4-6703_MSIH,1,0.24937549407114623,0
rf,4,TCGA-F4-6805_nonMSIH,0,0.11684952953550515,0
rf,4,TCGA-F4-6806_nonMSIH,0,0.0712018760225282,0
rf,4,TCGA-G4-6294_nonMSIH,0,0.09849978154837488,0
rf,4,TCGA-G4-6295_nonMSIH,0,0.20785598141695705,0
rf,4,TCGA-G4-6303_nonMSIH,0,0.18001669027331804,0
rf,4,TCGA-G4-6304_MSIH,1,0.23131559332140728,0
rf,4,TCGA-G4-6306_nonMSIH,0,0.07531097794211399,0
rf,4,TCGA-G4-6307_nonMSIH,0,0.02781818181818182,0
rf,4,TCGA-G4-6320_MSIH,1,0.0878095238095238,0
rf,4,TCGA-G4-6321_nonMSIH,0,0.20851082251082248,0
rf,4,TCGA-G4-6628_MSIH,1,0.27245676248543954,0
rf,4,TCGA-NH-A5IV_MSIH,1,0.06084153048571207,0
rf,4,TCGA-NH-A6GA_nonMSIH,0,0.033052724918107824,0
rf,4,TCGA-QG-A5YW_nonMSIH,0,0.07883524318818437,0
rf,4,TCGA-QG-A5Z2_MSIH,1,0.062,0
rf,4,TCGA-QL-A97D_nonMSIH,0,0.06173143285821456,0
rf,4,TCGA-WS-AB45_MSIH,1,0.10762520674617448,0
