cohort,method,model,clf,n,AUROC,BalAcc_tau,BalAcc_quantile,BalAcc_best,r_tcga,tau,tau_q,n_pos_tau,n_pos_quantile,status_tau,status_quantile,p_min,p_max,recovered,gap_tau,gap_quantile
paip,Averaging,UNI2,lin,78,0.9153,0.7547,0.7471,0.8617,0.2034,0.057889,0.002572,11,16,ok,ok,0.0,0.999811,-0.0076,0.107,0.1146
paip,Averaging,UNI2,ann,78,0.8573,0.5923,0.7913,0.8287,0.2349,0.521781,0.75026,63,19,ok,ok,0.376809,0.839689,0.199,0.2364,0.0374
paip,Averaging,UNI2,knn,78,0.5,0.5,0.5,0.5,0.2688,0.333333,0.0,0,78,dead,saturated,0.0,0.0,0.0,0.0,0.0
paip,Averaging,UNI2,proto,78,0.8448,0.6053,0.76,0.8082,0.4479,0.499074,0.49261,4,35,ok,ok,0.486909,0.499567,0.1547,0.2029,0.0482
paip,Averaging,UNI2,rf,78,0.7413,0.5,0.6155,0.7328,0.1332,0.231316,0.122972,0,11,dead,ok,0.061081,0.18302,0.1155,0.2328,0.1173
surgen,Averaging,UNI2,lin,622,0.7492,0.6875,0.6453,0.7155,0.2034,0.057889,0.363657,318,127,ok,ok,2.5e-05,0.986955,-0.0422,0.028,0.0702
surgen,Averaging,UNI2,ann,622,0.7735,0.5133,0.6929,0.7155,0.2349,0.521781,0.820184,607,146,ok,ok,0.372507,0.853252,0.1796,0.2022,0.0226
surgen,Averaging,UNI2,knn,622,0.6439,0.6412,0.6412,0.6412,0.2688,0.333333,0.333333,370,370,ok,ok,0.0,1.0,0.0,0.0,0.0
surgen,Averaging,UNI2,proto,622,0.7598,0.5,0.6945,0.7184,0.4479,0.499074,0.491905,0,279,dead,ok,0.484076,0.498612,0.1945,0.2184,0.0239
surgen,Averaging,UNI2,rf,622,0.7722,0.5206,0.6198,0.7181,0.1332,0.231316,0.178971,8,83,ok,ok,0.077344,0.259366,0.0992,0.1975,0.0983
paip,Averaging,H-Optimus-1,lin,78,0.8751,0.5789,0.843,0.8608,0.2179,0.029568,2e-06,3,17,ok,ok,0.0,0.931077,0.2641,0.2819,0.0178
paip,Averaging,H-Optimus-1,ann,78,0.8662,0.7904,0.8608,0.8702,0.2421,0.523452,0.461532,15,19,ok,ok,0.235495,0.854488,0.0704,0.0798,0.0094
paip,Averaging,H-Optimus-1,knn,78,0.5535,0.5535,0.5,0.5535,0.2373,0.333333,0.0,6,78,ok,saturated,0.0,0.333333,-0.0535,0.0,0.0535
paip,Averaging,H-Optimus-1,proto,78,0.8742,0.8702,0.8617,0.8787,0.293,0.497828,0.496764,22,23,ok,ok,0.486575,0.509161,-0.0085,0.0085,0.017
paip,Averaging,H-Optimus-1,rf,78,0.843,0.6494,0.8363,0.8448,0.3366,0.128268,0.089657,7,26,ok,ok,0.047021,0.182567,0.1869,0.1954,0.0085
surgen,Averaging,H-Optimus-1,lin,613,0.5692,0.5615,0.5728,0.59,0.2179,0.029568,0.050971,167,134,ok,ok,0.0,0.970317,0.0113,0.0285,0.0172
surgen,Averaging,H-Optimus-1,ann,613,0.7238,0.5899,0.6701,0.7039,0.2421,0.523452,0.657629,442,149,ok,ok,0.282058,0.829055,0.0802,0.114,0.0338
surgen,Averaging,H-Optimus-1,knn,613,0.547,0.524,0.524,0.543,0.2373,0.333333,0.333333,331,331,ok,ok,0.0,1.0,0.0,0.019,0.019
surgen,Averaging,H-Optimus-1,proto,613,0.6508,0.5805,0.6051,0.6186,0.293,0.497828,0.499106,289,180,ok,ok,0.488167,0.505378,0.0246,0.0381,0.0135
surgen,Averaging,H-Optimus-1,rf,613,0.5974,0.5426,0.5447,0.5852,0.3366,0.128268,0.143451,382,206,ok,ok,0.078091,0.183748,0.0021,0.0426,0.0405
paip,Averaging,Virchow2,lin,78,0.8912,0.7021,0.8439,0.8439,0.2688,0.015858,3e-05,9,21,ok,ok,0.0,0.99993,0.1418,0.1418,0.0
paip,Averaging,Virchow2,ann,78,0.8457,0.566,0.8269,0.8439,0.2978,0.404669,0.549684,62,23,ok,ok,0.314849,0.869616,0.2609,0.2779,0.017
paip,Averaging,Virchow2,knn,78,0.5656,0.5589,0.5589,0.5589,0.2397,0.142857,0.333333,30,30,ok,ok,0.0,1.0,0.0,0.0,0.0
paip,Averaging,Virchow2,proto,78,0.8412,0.7819,0.7658,0.8024,0.2833,0.500948,0.500064,16,22,ok,ok,0.492227,0.506704,-0.0161,0.0205,0.0366
paip,Averaging,Virchow2,rf,78,0.8368,0.6757,0.7302,0.8202,0.23,0.167449,0.116966,8,18,ok,ok,0.056007,0.276787,0.0545,0.1445,0.09
surgen,Averaging,Virchow2,lin,622,0.6515,0.6062,0.5636,0.6284,0.2688,0.015858,0.037192,202,167,ok,ok,0.0,0.999999,-0.0426,0.0222,0.0648
surgen,Averaging,Virchow2,ann,622,0.6709,0.5044,0.6121,0.634,0.2978,0.404669,0.595921,617,185,near_saturated,ok,0.356939,0.775544,0.1077,0.1296,0.0219
surgen,Averaging,Virchow2,knn,622,0.5291,0.5096,0.5096,0.5355,0.2397,0.142857,0.333333,352,352,ok,ok,0.0,0.666667,0.0,0.0259,0.0259
surgen,Averaging,Virchow2,proto,622,0.7053,0.5363,0.6478,0.6766,0.2833,0.500948,0.49813,11,176,ok,ok,0.494529,0.502373,0.1115,0.1403,0.0288
surgen,Averaging,Virchow2,rf,622,0.6535,0.5131,0.5941,0.6237,0.23,0.167449,0.131406,6,143,near_dead,ok,0.089718,0.186922,0.081,0.1106,0.0296
paip,Averaging,Conch1_5,lin,78,0.7939,0.7168,0.6945,0.7386,0.1792,0.24614,0.688656,36,14,ok,ok,0.002433,0.999425,-0.0223,0.0218,0.0441
paip,Averaging,Conch1_5,ann,78,0.7627,0.669,0.7489,0.7574,0.3075,0.464948,0.431746,17,24,ok,ok,0.229347,0.791469,0.0799,0.0884,0.0085
paip,Averaging,Conch1_5,knn,78,0.6311,0.5526,0.5669,0.5816,0.1961,0.326978,0.142857,2,66,ok,ok,0.0,0.571429,0.0143,0.029,0.0147
paip,Averaging,Conch1_5,proto,78,0.8412,0.7132,0.7395,0.764,0.2712,0.503134,0.502754,20,21,ok,ok,0.494486,0.51058,0.0263,0.0508,0.0245
paip,Averaging,Conch1_5,rf,78,0.7529,0.5789,0.7217,0.7217,0.2373,0.179914,0.121567,3,19,ok,ok,0.068862,0.212059,0.1428,0.1428,0.0
surgen,Averaging,Conch1_5,lin,622,0.5969,0.5137,0.5203,0.6192,0.1792,0.24614,0.977483,534,112,ok,ok,0.00028,0.999884,0.0066,0.1055,0.0989
surgen,Averaging,Conch1_5,ann,622,0.6644,0.5973,0.6437,0.6661,0.3075,0.464948,0.540102,326,191,ok,ok,0.232766,0.810542,0.0464,0.0688,0.0224
surgen,Averaging,Conch1_5,knn,622,0.5807,0.5314,0.565,0.565,0.1961,0.326978,0.285714,58,352,ok,ok,0.0,0.571429,0.0336,0.0336,0.0
surgen,Averaging,Conch1_5,proto,622,0.6397,0.5,0.6263,0.635,0.2712,0.503134,0.495901,0,169,dead,ok,0.491561,0.500765,0.1263,0.135,0.0087
surgen,Averaging,Conch1_5,rf,622,0.6525,0.5528,0.5989,0.6375,0.2373,0.179914,0.167445,65,148,ok,ok,0.103365,0.215882,0.0461,0.0847,0.0386
paip,Averaging,ConchV1,lin,78,0.8644,0.777,0.7649,0.8176,0.23,0.116239,0.415992,33,18,ok,ok,0.000585,0.99984,-0.0121,0.0406,0.0527
paip,Averaging,ConchV1,ann,78,0.7939,0.7752,0.7132,0.7921,0.2542,0.491625,0.51321,25,20,ok,ok,0.291953,0.889522,-0.062,0.0169,0.0789
paip,Averaging,ConchV1,knn,78,0.616,0.6079,0.5,0.6079,0.2494,0.289018,0.0,16,78,ok,saturated,0.0,1.0,-0.1079,0.0,0.1079
paip,Averaging,ConchV1,proto,78,0.8216,0.7565,0.7029,0.7658,0.1622,0.503328,0.5053,19,13,ok,ok,0.487885,0.514711,-0.0536,0.0093,0.0629
paip,Averaging,ConchV1,rf,78,0.7957,0.7132,0.715,0.7386,0.3511,0.144229,0.121165,20,28,ok,ok,0.055507,0.330908,0.0018,0.0254,0.0236
surgen,Averaging,ConchV1,lin,622,0.6142,0.5757,0.6126,0.619,0.23,0.116239,0.024716,60,143,ok,ok,0.0,0.933909,0.0369,0.0433,0.0064
surgen,Averaging,ConchV1,ann,622,0.6108,0.543,0.5716,0.6055,0.2542,0.491625,0.655014,470,158,ok,ok,0.281928,0.890757,0.0286,0.0625,0.0339
surgen,Averaging,ConchV1,knn,622,0.4842,0.4954,0.4786,0.5079,0.2494,0.289018,0.666667,565,335,ok,ok,0.0,1.0,-0.0168,0.0125,0.0293
surgen,Averaging,ConchV1,proto,622,0.6904,0.5,0.6315,0.6544,0.1622,0.503328,0.497365,0,101,dead,ok,0.490118,0.501675,0.1315,0.1544,0.0229
surgen,Averaging,ConchV1,rf,622,0.5441,0.5211,0.5357,0.56,0.3511,0.144229,0.151027,391,219,ok,ok,0.110908,0.177246,0.0146,0.0389,0.0243
paip,Caption_based_aggregation,UNI2,lin,78,0.9063,0.781,0.843,0.8872,0.2082,0.014914,0.000872,12,17,ok,ok,0.0,0.999879,0.062,0.1062,0.0442
paip,Caption_based_aggregation,UNI2,ann,78,0.9117,0.8363,0.8956,0.8956,0.2421,0.416684,0.664865,26,19,ok,ok,0.075458,0.999944,0.0593,0.0593,0.0
paip,Caption_based_aggregation,UNI2,knn,78,0.5705,0.5705,0.5,0.5705,0.2712,0.285714,0.0,4,78,ok,saturated,0.0,0.333333,-0.0705,0.0,0.0705
paip,Caption_based_aggregation,UNI2,proto,78,0.8626,0.5,0.7988,0.8787,0.1792,0.50458,0.496512,0,14,dead,ok,0.488657,0.500127,0.2988,0.3787,0.0799
paip,Caption_based_aggregation,UNI2,rf,78,0.8528,0.5442,0.8524,0.8787,0.247,0.167594,0.113432,3,20,ok,ok,0.058296,0.217166,0.3082,0.3345,0.0263
surgen,Caption_based_aggregation,UNI2,lin,622,0.8543,0.769,0.7809,0.7851,0.2082,0.014914,0.130866,216,130,ok,ok,0.0,0.998533,0.0119,0.0161,0.0042
surgen,Caption_based_aggregation,UNI2,ann,622,0.8519,0.5552,0.7622,0.7833,0.2421,0.416684,0.883772,560,151,ok,ok,0.194148,0.999613,0.207,0.2281,0.0211
surgen,Caption_based_aggregation,UNI2,knn,622,0.7148,0.6808,0.6808,0.6808,0.2712,0.285714,0.333333,284,284,ok,ok,0.0,1.0,0.0,0.0,0.0
surgen,Caption_based_aggregation,UNI2,proto,622,0.8005,0.5,0.6863,0.7412,0.1792,0.50458,0.493819,0,112,dead,ok,0.486141,0.498642,0.1863,0.2412,0.0549
surgen,Caption_based_aggregation,UNI2,rf,622,0.8464,0.6922,0.7504,0.7901,0.247,0.167594,0.152443,95,154,ok,ok,0.069905,0.249594,0.0582,0.0979,0.0397
paip,Caption_based_aggregation,H-Optimus-1,lin,78,0.8769,0.6579,0.7462,0.8872,0.155,0.064883,4.2e-05,6,12,ok,ok,0.0,0.992232,0.0883,0.2293,0.141
paip,Caption_based_aggregation,H-Optimus-1,ann,78,0.8965,0.8533,0.8702,0.8956,0.2736,0.385627,0.465438,24,22,ok,ok,0.06368,0.999932,0.0169,0.0423,0.0254
paip,Caption_based_aggregation,H-Optimus-1,knn,78,0.5883,0.5883,0.5,0.5883,0.3099,0.2,0.0,6,78,ok,saturated,0.0,0.333333,-0.0883,0.0,0.0883
paip,Caption_based_aggregation,H-Optimus-1,proto,78,0.8796,0.8109,0.8617,0.8956,0.2857,0.498154,0.500223,29,23,ok,ok,0.489147,0.511609,0.0508,0.0847,0.0339
paip,Caption_based_aggregation,H-Optimus-1,rf,78,0.8626,0.7462,0.8524,0.8617,0.2542,0.163246,0.131115,12,20,ok,ok,0.045916,0.28295,0.1062,0.1155,0.0093
surgen,Caption_based_aggregation,H-Optimus-1,lin,622,0.7362,0.5551,0.6535,0.6974,0.155,0.064883,0.000735,21,97,ok,ok,0.0,0.827453,0.0984,0.1423,0.0439
surgen,Caption_based_aggregation,H-Optimus-1,ann,622,0.7842,0.6744,0.7269,0.7433,0.2736,0.385627,0.503559,343,170,ok,ok,0.117044,0.978487,0.0525,0.0689,0.0164
surgen,Caption_based_aggregation,H-Optimus-1,knn,622,0.6129,0.6064,0.6064,0.6064,0.3099,0.2,0.333333,264,264,ok,ok,0.0,1.0,0.0,0.0,0.0
surgen,Caption_based_aggregation,H-Optimus-1,proto,622,0.7617,0.6168,0.7106,0.7189,0.2857,0.498154,0.496465,45,178,ok,ok,0.490718,0.501574,0.0938,0.1021,0.0083
surgen,Caption_based_aggregation,H-Optimus-1,rf,622,0.7411,0.5932,0.6915,0.713,0.2542,0.163246,0.145322,30,158,ok,ok,0.090409,0.19718,0.0983,0.1198,0.0215
paip,Caption_based_aggregation,Virchow2,lin,78,0.8876,0.8278,0.8702,0.8787,0.2736,0.001145,0.010454,27,22,ok,ok,0.0,1.0,0.0424,0.0509,0.0085
paip,Caption_based_aggregation,Virchow2,ann,78,0.8965,0.777,0.8702,0.8863,0.2736,0.437362,0.730118,33,22,ok,ok,0.148684,0.999599,0.0932,0.1093,0.0161
paip,Caption_based_aggregation,Virchow2,knn,78,0.7792,0.7431,0.7431,0.7431,0.3608,0.2,0.333333,37,37,ok,ok,0.0,1.0,0.0,0.0,0.0
paip,Caption_based_aggregation,Virchow2,proto,78,0.8599,0.7837,0.7743,0.8252,0.2615,0.500678,0.501333,24,21,ok,ok,0.488865,0.510756,-0.0094,0.0415,0.0509
paip,Caption_based_aggregation,Virchow2,rf,78,0.8617,0.7921,0.7837,0.826,0.3075,0.157384,0.153658,23,24,ok,ok,0.047454,0.335127,-0.0084,0.0339,0.0423
surgen,Caption_based_aggregation,Virchow2,lin,622,0.7613,0.6494,0.6716,0.7165,0.2736,0.001145,0.000278,112,170,ok,ok,0.0,0.998862,0.0222,0.0671,0.0449
surgen,Caption_based_aggregation,Virchow2,ann,622,0.7809,0.6984,0.6623,0.7343,0.2736,0.437362,0.458323,202,170,ok,ok,0.199583,0.932683,-0.0361,0.0359,0.072
surgen,Caption_based_aggregation,Virchow2,knn,622,0.5658,0.5367,0.5367,0.5555,0.3608,0.2,0.333333,446,446,ok,ok,0.0,1.0,0.0,0.0188,0.0188
surgen,Caption_based_aggregation,Virchow2,proto,622,0.6915,0.5149,0.6317,0.6784,0.2615,0.500678,0.496543,4,163,near_dead,ok,0.493027,0.501507,0.1168,0.1635,0.0467
surgen,Caption_based_aggregation,Virchow2,rf,622,0.7237,0.5524,0.6252,0.6642,0.3075,0.157384,0.124023,24,191,ok,ok,0.087143,0.188254,0.0728,0.1118,0.039
paip,Caption_based_aggregation,Conch1_5,lin,78,0.8626,0.7319,0.748,0.7855,0.2494,0.005611,0.127354,26,20,ok,ok,0.0,0.999999,0.0161,0.0536,0.0375
paip,Caption_based_aggregation,Conch1_5,ann,78,0.876,0.8354,0.793,0.8524,0.3438,0.396601,0.349663,22,27,ok,ok,0.128855,0.983716,-0.0424,0.017,0.0594
paip,Caption_based_aggregation,Conch1_5,knn,78,0.6329,0.562,0.6191,0.6191,0.0654,0.666667,0.333333,5,27,ok,ok,0.0,0.666667,0.0571,0.0571,0.0
paip,Caption_based_aggregation,Conch1_5,proto,78,0.8448,0.7159,0.7997,0.8336,0.2252,0.502588,0.503912,32,18,ok,ok,0.49623,0.508123,0.0838,0.1177,0.0339
paip,Caption_based_aggregation,Conch1_5,rf,78,0.8492,0.5526,0.7208,0.8091,0.1937,0.190053,0.139508,2,15,ok,ok,0.044495,0.227093,0.1682,0.2565,0.0883
surgen,Caption_based_aggregation,Conch1_5,lin,622,0.624,0.5595,0.565,0.6306,0.2494,0.005611,0.0,16,155,ok,ok,0.0,0.833718,0.0055,0.0711,0.0656
surgen,Caption_based_aggregation,Conch1_5,ann,622,0.6728,0.6193,0.614,0.6391,0.3438,0.396601,0.468794,322,214,ok,ok,0.19299,0.923104,-0.0053,0.0198,0.0251
surgen,Caption_based_aggregation,Conch1_5,knn,622,0.6448,0.5853,0.5853,0.6175,0.0654,0.666667,0.666667,70,70,ok,ok,0.0,1.0,0.0,0.0322,0.0322
surgen,Caption_based_aggregation,Conch1_5,proto,622,0.6556,0.5,0.5784,0.6107,0.2252,0.502588,0.495905,0,140,dead,ok,0.492437,0.500583,0.0784,0.1107,0.0323
surgen,Caption_based_aggregation,Conch1_5,rf,622,0.6515,0.5,0.6045,0.6127,0.1937,0.190053,0.132794,0,121,dead,ok,0.07995,0.188054,0.1045,0.1127,0.0082
paip,Caption_based_aggregation,ConchV1,lin,78,0.8483,0.8185,0.8269,0.8448,0.2881,0.003249,0.030315,24,23,ok,ok,0.0,1.0,0.0084,0.0263,0.0179
paip,Caption_based_aggregation,ConchV1,ann,78,0.8421,0.7346,0.7685,0.8448,0.4383,0.381523,0.404112,38,34,ok,ok,0.14704,0.96712,0.0339,0.1102,0.0763
paip,Caption_based_aggregation,ConchV1,knn,78,0.6628,0.6922,0.6922,0.6922,0.3753,0.095259,0.333333,43,43,ok,ok,0.0,1.0,0.0,0.0,0.0
paip,Caption_based_aggregation,ConchV1,proto,78,0.851,0.7355,0.7752,0.8015,0.3172,0.499735,0.502949,42,25,ok,ok,0.492848,0.51032,0.0397,0.066,0.0263
paip,Caption_based_aggregation,ConchV1,rf,78,0.8475,0.6945,0.6945,0.8194,0.1719,0.188962,0.188766,14,14,ok,ok,0.05001,0.289621,0.0,0.1249,0.1249
surgen,Caption_based_aggregation,ConchV1,lin,622,0.6662,0.5167,0.6451,0.6517,0.2881,0.003249,0.0,2,179,near_dead,ok,0.0,0.98875,0.1284,0.135,0.0066
surgen,Caption_based_aggregation,ConchV1,ann,622,0.6831,0.6058,0.5984,0.666,0.4383,0.381523,0.240955,78,273,ok,ok,0.113067,0.828913,-0.0074,0.0602,0.0676
surgen,Caption_based_aggregation,ConchV1,knn,622,0.5652,0.4928,0.4928,0.5733,0.3753,0.095259,0.333333,599,599,ok,ok,0.0,1.0,0.0,0.0805,0.0805
surgen,Caption_based_aggregation,ConchV1,proto,622,0.6738,0.5,0.6291,0.6546,0.3172,0.499735,0.495151,0,197,dead,ok,0.492161,0.498971,0.1291,0.1546,0.0255
surgen,Caption_based_aggregation,ConchV1,rf,622,0.6727,0.5,0.6446,0.6557,0.1719,0.188962,0.130395,0,107,dead,ok,0.095052,0.169867,0.1446,0.1557,0.0111
paip,Caption_based_aggregation_15_classes,UNI2,lin,78,0.9037,0.7632,0.8252,0.8787,0.184,0.0368,0.005171,10,15,ok,ok,0.0,0.99997,0.062,0.1155,0.0535
paip,Caption_based_aggregation_15_classes,UNI2,ann,78,0.8974,0.8533,0.8524,0.8693,0.2494,0.437247,0.527996,24,20,ok,ok,0.13395,0.997321,-0.0009,0.016,0.0169
paip,Caption_based_aggregation_15_classes,UNI2,knn,78,0.5789,0.5789,0.5,0.5789,0.2349,0.142857,0.0,3,78,ok,saturated,0.0,0.333333,-0.0789,0.0,0.0789
paip,Caption_based_aggregation_15_classes,UNI2,proto,78,0.8626,0.5,0.8345,0.8872,0.2252,0.503225,0.495393,0,18,dead,ok,0.488459,0.499681,0.3345,0.3872,0.0527
paip,Caption_based_aggregation_15_classes,UNI2,rf,78,0.8537,0.7021,0.8448,0.8617,0.3123,0.14565,0.104798,9,25,ok,ok,0.058687,0.211697,0.1427,0.1596,0.0169
surgen,Caption_based_aggregation_15_classes,UNI2,lin,622,0.8563,0.775,0.7666,0.7819,0.184,0.0368,0.094916,147,115,ok,ok,0.0,0.999142,-0.0084,0.0069,0.0153
surgen,Caption_based_aggregation_15_classes,UNI2,ann,622,0.8444,0.5819,0.7587,0.7731,0.2494,0.437247,0.827712,530,155,ok,ok,0.203541,0.997155,0.1768,0.1912,0.0144
surgen,Caption_based_aggregation_15_classes,UNI2,knn,622,0.6984,0.6862,0.6862,0.6862,0.2349,0.142857,0.333333,195,195,ok,ok,0.0,1.0,0.0,0.0,0.0
surgen,Caption_based_aggregation_15_classes,UNI2,proto,622,0.7951,0.5,0.7075,0.7257,0.2252,0.503225,0.49321,0,140,dead,ok,0.486362,0.499264,0.2075,0.2257,0.0182
surgen,Caption_based_aggregation_15_classes,UNI2,rf,622,0.8354,0.7327,0.7332,0.7685,0.3123,0.14565,0.146976,205,194,ok,ok,0.074216,0.277196,0.0005,0.0358,0.0353
paip,Caption_based_aggregation_15_classes,H-Optimus-1,lin,78,0.8787,0.6053,0.7988,0.8956,0.1768,0.048111,2e-06,4,14,ok,ok,0.0,0.986164,0.1935,0.2903,0.0968
paip,Caption_based_aggregation_15_classes,H-Optimus-1,ann,78,0.9019,0.8448,0.8617,0.8956,0.2881,0.328051,0.428805,25,23,ok,ok,0.086407,0.999109,0.0169,0.0508,0.0339
paip,Caption_based_aggregation_15_classes,H-Optimus-1,knn,78,0.5285,0.5272,0.5,0.5272,0.2591,0.333333,0.0,5,78,ok,saturated,0.0,0.666667,-0.0272,0.0,0.0272
paip,Caption_based_aggregation_15_classes,H-Optimus-1,proto,78,0.8778,0.8448,0.8533,0.8778,0.3051,0.498109,0.498593,25,24,ok,ok,0.488343,0.510075,0.0085,0.033,0.0245
paip,Caption_based_aggregation_15_classes,H-Optimus-1,rf,78,0.8475,0.7462,0.8439,0.8702,0.2663,0.157018,0.126731,12,21,ok,ok,0.043521,0.295695,0.0977,0.124,0.0263
surgen,Caption_based_aggregation_15_classes,H-Optimus-1,lin,622,0.7402,0.5298,0.688,0.6969,0.1768,0.048111,0.000164,8,110,ok,ok,0.0,0.658756,0.1582,0.1671,0.0089
surgen,Caption_based_aggregation_15_classes,H-Optimus-1,ann,622,0.8137,0.5919,0.7466,0.7593,0.2881,0.328051,0.513217,498,179,ok,ok,0.154879,0.973914,0.1547,0.1674,0.0127
surgen,Caption_based_aggregation_15_classes,H-Optimus-1,knn,622,0.6413,0.6331,0.6331,0.6331,0.2591,0.333333,0.333333,234,234,ok,ok,0.0,0.666667,0.0,0.0,0.0
surgen,Caption_based_aggregation_15_classes,H-Optimus-1,proto,622,0.7403,0.6746,0.6907,0.702,0.3051,0.498109,0.497201,94,190,ok,ok,0.491495,0.501712,0.0161,0.0274,0.0113
surgen,Caption_based_aggregation_15_classes,H-Optimus-1,rf,622,0.7652,0.6736,0.7212,0.7275,0.2663,0.157018,0.142907,64,166,ok,ok,0.091211,0.216895,0.0476,0.0539,0.0063
paip,Caption_based_aggregation_15_classes,Virchow2,lin,78,0.9099,0.8457,0.8872,0.8947,0.2518,0.003017,0.118824,29,20,ok,ok,0.0,1.0,0.0415,0.049,0.0075
paip,Caption_based_aggregation_15_classes,Virchow2,ann,78,0.9045,0.744,0.8024,0.8947,0.3777,0.418184,0.555178,41,30,ok,ok,0.215255,0.98658,0.0584,0.1507,0.0923
paip,Caption_based_aggregation_15_classes,Virchow2,knn,78,0.6838,0.6378,0.6378,0.6503,0.2954,0.142857,0.333333,33,33,ok,ok,0.0,1.0,0.0,0.0125,0.0125
paip,Caption_based_aggregation_15_classes,Virchow2,proto,78,0.8724,0.826,0.8354,0.8515,0.2833,0.500678,0.499883,19,22,ok,ok,0.488442,0.509305,0.0094,0.0255,0.0161
paip,Caption_based_aggregation_15_classes,Virchow2,rf,78,0.8608,0.7895,0.8167,0.8448,0.1985,0.185303,0.168826,11,16,ok,ok,0.04054,0.316446,0.0272,0.0553,0.0281
surgen,Caption_based_aggregation_15_classes,Virchow2,lin,622,0.7836,0.694,0.7108,0.7287,0.2518,0.003017,0.001231,124,157,ok,ok,0.0,0.992324,0.0168,0.0347,0.0179
surgen,Caption_based_aggregation_15_classes,Virchow2,ann,622,0.7742,0.5311,0.6875,0.7209,0.3777,0.418184,0.594411,587,235,ok,ok,0.336614,0.919758,0.1564,0.1898,0.0334
surgen,Caption_based_aggregation_15_classes,Virchow2,knn,622,0.55,0.5421,0.5421,0.5421,0.2954,0.142857,0.333333,274,274,ok,ok,0.0,0.666667,0.0,0.0,0.0
surgen,Caption_based_aggregation_15_classes,Virchow2,proto,622,0.6882,0.5074,0.6754,0.6881,0.2833,0.500678,0.495913,2,176,near_dead,ok,0.492497,0.50104,0.168,0.1807,0.0127
surgen,Caption_based_aggregation_15_classes,Virchow2,rf,622,0.7136,0.5131,0.6479,0.6677,0.1985,0.185303,0.129204,6,124,near_dead,ok,0.076445,0.199642,0.1348,0.1546,0.0198
paip,Caption_based_aggregation_15_classes,Conch1_5,lin,78,0.8831,0.8024,0.7658,0.8211,0.276,0.004225,0.048124,30,22,ok,ok,0.0,1.0,-0.0366,0.0187,0.0553
paip,Caption_based_aggregation_15_classes,Conch1_5,ann,78,0.876,0.777,0.7855,0.8439,0.4068,0.391643,0.405194,33,32,ok,ok,0.146652,0.95728,0.0085,0.0669,0.0584
paip,Caption_based_aggregation_15_classes,Conch1_5,knn,78,0.6664,0.6454,0.6454,0.6454,0.2542,0.285714,0.333333,28,28,ok,ok,0.0,1.0,0.0,0.0,0.0
paip,Caption_based_aggregation_15_classes,Conch1_5,proto,78,0.8537,0.7913,0.8082,0.8082,0.2082,0.50284,0.503193,19,17,ok,ok,0.496508,0.506572,0.0169,0.0169,0.0
paip,Caption_based_aggregation_15_classes,Conch1_5,rf,78,0.8564,0.5,0.7462,0.8176,0.1453,0.217746,0.138702,0,12,dead,ok,0.046287,0.210538,0.2462,0.3176,0.0714
surgen,Caption_based_aggregation_15_classes,Conch1_5,lin,622,0.6866,0.559,0.6513,0.6922,0.276,0.004225,0.0,27,172,ok,ok,0.0,0.967908,0.0923,0.1332,0.0409
surgen,Caption_based_aggregation_15_classes,Conch1_5,ann,622,0.7213,0.6685,0.6623,0.691,0.4068,0.391643,0.388769,246,253,ok,ok,0.195482,0.918238,-0.0062,0.0225,0.0287
surgen,Caption_based_aggregation_15_classes,Conch1_5,knn,622,0.6819,0.6309,0.6309,0.6386,0.2542,0.285714,0.333333,309,309,ok,ok,0.0,1.0,0.0,0.0077,0.0077
surgen,Caption_based_aggregation_15_classes,Conch1_5,proto,622,0.6737,0.5083,0.6334,0.6558,0.2082,0.50284,0.496839,1,130,near_dead,ok,0.492832,0.502902,0.1251,0.1475,0.0224
surgen,Caption_based_aggregation_15_classes,Conch1_5,rf,622,0.6767,0.5,0.6404,0.6568,0.1453,0.217746,0.135824,0,91,dead,ok,0.096153,0.178868,0.1404,0.1568,0.0164
paip,Caption_based_aggregation_15_classes,ConchV1,lin,78,0.8644,0.8363,0.7734,0.8448,0.2203,0.015825,0.509304,26,17,ok,ok,0.0,1.0,-0.0629,0.0085,0.0714
paip,Caption_based_aggregation_15_classes,ConchV1,ann,78,0.8715,0.7431,0.8448,0.8787,0.322,0.397118,0.544217,37,25,ok,ok,0.182061,0.983176,0.1017,0.1356,0.0339
paip,Caption_based_aggregation_15_classes,ConchV1,knn,78,0.6789,0.6302,0.6302,0.6334,0.2954,0.102444,0.333333,38,38,ok,ok,0.0,1.0,0.0,0.0032,0.0032
paip,Caption_based_aggregation_15_classes,ConchV1,proto,78,0.8608,0.8024,0.8006,0.8194,0.2785,0.500642,0.50166,30,22,ok,ok,0.49313,0.508471,-0.0018,0.017,0.0188
paip,Caption_based_aggregation_15_classes,ConchV1,rf,78,0.8537,0.7021,0.7462,0.8354,0.1525,0.205234,0.175063,9,12,ok,ok,0.040002,0.259717,0.0441,0.1333,0.0892
surgen,Caption_based_aggregation_15_classes,ConchV1,lin,622,0.7387,0.4964,0.6548,0.6976,0.2203,0.015825,0.0,4,137,near_dead,ok,0.0,0.381811,0.1584,0.2012,0.0428
surgen,Caption_based_aggregation_15_classes,ConchV1,ann,622,0.7113,0.6343,0.6725,0.6776,0.322,0.397118,0.454594,357,200,ok,ok,0.1415,0.915856,0.0382,0.0433,0.0051
surgen,Caption_based_aggregation_15_classes,ConchV1,knn,622,0.5539,0.5106,0.5512,0.5512,0.2954,0.102444,0.666667,579,212,ok,ok,0.0,1.0,0.0406,0.0406,0.0
surgen,Caption_based_aggregation_15_classes,ConchV1,proto,622,0.6963,0.5074,0.6412,0.6812,0.2785,0.500642,0.496657,2,173,near_dead,ok,0.493477,0.501088,0.1338,0.1738,0.04
surgen,Caption_based_aggregation_15_classes,ConchV1,rf,622,0.6641,0.5,0.6276,0.6385,0.1525,0.205234,0.126346,0,95,dead,ok,0.095951,0.165654,0.1276,0.1385,0.0109
paip,Tissue_Type_Clustering,UNI2,lin,78,0.8858,0.764,0.7997,0.8533,0.23,0.009665,0.000296,14,18,ok,ok,0.0,0.999963,0.0357,0.0893,0.0536
paip,Tissue_Type_Clustering,UNI2,ann,78,0.8733,0.6338,0.7837,0.8457,0.3002,0.326711,0.642147,54,24,ok,ok,0.216712,0.94143,0.1499,0.2119,0.062
paip,Tissue_Type_Clustering,UNI2,knn,78,0.5263,0.5263,0.5,0.5263,0.293,0.2,0.0,1,78,near_dead,saturated,0.0,0.333333,-0.0263,0.0,0.0263
paip,Tissue_Type_Clustering,UNI2,proto,78,0.8555,0.5,0.8515,0.8515,0.2034,0.504689,0.495965,0,16,dead,ok,0.489479,0.500298,0.3515,0.3515,0.0
paip,Tissue_Type_Clustering,UNI2,rf,78,0.8207,0.5263,0.7649,0.8109,0.23,0.169579,0.112453,1,18,near_dead,ok,0.062725,0.173381,0.2386,0.2846,0.046
surgen,Tissue_Type_Clustering,UNI2,lin,622,0.8335,0.6944,0.7694,0.7876,0.23,0.009665,0.18581,362,143,ok,ok,5e-06,0.999077,0.075,0.0932,0.0182
surgen,Tissue_Type_Clustering,UNI2,ann,622,0.8177,0.5,0.7487,0.7635,0.3002,0.326711,0.867453,622,187,saturated,ok,0.416458,0.953353,0.2487,0.2635,0.0148
surgen,Tissue_Type_Clustering,UNI2,knn,622,0.6534,0.6427,0.6427,0.6427,0.293,0.2,0.333333,389,389,ok,ok,0.0,1.0,0.0,0.0,0.0
surgen,Tissue_Type_Clustering,UNI2,proto,622,0.7905,0.5,0.6914,0.7243,0.2034,0.504689,0.492909,0,127,dead,ok,0.488011,0.496604,0.1914,0.2243,0.0329
surgen,Tissue_Type_Clustering,UNI2,rf,622,0.8317,0.6198,0.7786,0.783,0.23,0.169579,0.144646,52,143,ok,ok,0.082948,0.229785,0.1588,0.1632,0.0044
paip,Tissue_Type_Clustering,H-Optimus-1,lin,78,0.8724,0.6053,0.826,0.8702,0.2446,0.004365,0.0,4,19,ok,ok,0.0,0.999506,0.2207,0.2649,0.0442
paip,Tissue_Type_Clustering,H-Optimus-1,ann,78,0.8894,0.8363,0.8278,0.8787,0.339,0.363585,0.326606,26,27,ok,ok,0.111031,0.994765,-0.0085,0.0424,0.0509
paip,Tissue_Type_Clustering,H-Optimus-1,knn,78,0.5455,0.545,0.5,0.545,0.1937,0.333333,0.0,7,78,ok,saturated,0.0,0.666667,-0.045,0.0,0.045
paip,Tissue_Type_Clustering,H-Optimus-1,proto,78,0.8689,0.8194,0.8439,0.8608,0.2663,0.499118,0.500438,28,21,ok,ok,0.489591,0.509611,0.0245,0.0414,0.0169
paip,Tissue_Type_Clustering,H-Optimus-1,rf,78,0.868,0.6579,0.8524,0.8787,0.2591,0.167629,0.115176,6,20,ok,ok,0.038357,0.236731,0.1945,0.2208,0.0263
surgen,Tissue_Type_Clustering,H-Optimus-1,lin,613,0.7503,0.5065,0.7154,0.7275,0.2446,0.004365,3e-06,3,150,near_dead,ok,0.0,0.016494,0.2089,0.221,0.0121
surgen,Tissue_Type_Clustering,H-Optimus-1,ann,613,0.7571,0.6766,0.6999,0.7297,0.339,0.363585,0.386171,244,208,ok,ok,0.078323,0.870843,0.0233,0.0531,0.0298
surgen,Tissue_Type_Clustering,H-Optimus-1,knn,613,0.5018,0.502,0.5,0.502,0.1937,0.333333,0.0,100,613,ok,saturated,0.0,0.666667,-0.002,0.0,0.002
surgen,Tissue_Type_Clustering,H-Optimus-1,proto,613,0.7804,0.5083,0.6658,0.7182,0.2663,0.499118,0.49534,1,164,near_dead,ok,0.489646,0.500066,0.1575,0.2099,0.0524
surgen,Tissue_Type_Clustering,H-Optimus-1,rf,613,0.6761,0.5,0.6334,0.6442,0.2591,0.167629,0.115529,0,159,dead,ok,0.071388,0.15067,0.1334,0.1442,0.0108
paip,Tissue_Type_Clustering,Virchow2,lin,78,0.8492,0.7694,0.7328,0.8252,0.3826,0.000226,0.013113,38,30,ok,ok,0.0,1.0,-0.0366,0.0558,0.0924
paip,Tissue_Type_Clustering,Virchow2,ann,78,0.8653,0.6338,0.8118,0.8439,0.4213,0.298731,0.632249,54,33,ok,ok,0.101621,0.999985,0.178,0.2101,0.0321
paip,Tissue_Type_Clustering,Virchow2,knn,78,0.5977,0.5946,0.5946,0.5946,0.3123,0.333333,0.4,34,34,ok,ok,0.0,0.8,0.0,0.0,0.0
paip,Tissue_Type_Clustering,Virchow2,proto,78,0.7921,0.7226,0.7489,0.7761,0.3027,0.50043,0.500338,23,24,ok,ok,0.49145,0.511028,0.0263,0.0535,0.0272
paip,Tissue_Type_Clustering,Virchow2,rf,78,0.8323,0.7591,0.7846,0.8015,0.3511,0.137693,0.147316,31,28,ok,ok,0.046832,0.320576,0.0255,0.0424,0.0169
surgen,Tissue_Type_Clustering,Virchow2,lin,622,0.7195,0.6241,0.6572,0.6799,0.3826,0.000226,6e-06,99,238,ok,ok,0.0,0.926416,0.0331,0.0558,0.0227
surgen,Tissue_Type_Clustering,Virchow2,ann,622,0.7432,0.5655,0.6727,0.6966,0.4213,0.298731,0.505804,538,262,ok,ok,0.147854,0.942022,0.1072,0.1311,0.0239
surgen,Tissue_Type_Clustering,Virchow2,knn,622,0.5442,0.5271,0.5271,0.5408,0.3123,0.333333,0.4,322,322,ok,ok,0.0,0.6,0.0,0.0137,0.0137
surgen,Tissue_Type_Clustering,Virchow2,proto,622,0.7389,0.5,0.6832,0.6874,0.3027,0.50043,0.495847,0,188,dead,ok,0.49205,0.50021,0.1832,0.1874,0.0042
surgen,Tissue_Type_Clustering,Virchow2,rf,622,0.7389,0.5845,0.6649,0.6789,0.3511,0.137693,0.107518,19,219,ok,ok,0.080898,0.16823,0.0804,0.0944,0.014
paip,Tissue_Type_Clustering,Conch1_5,lin,78,0.8394,0.7752,0.7574,0.793,0.2906,0.004348,0.015492,25,23,ok,ok,0.0,0.999997,-0.0178,0.0178,0.0356
paip,Tissue_Type_Clustering,Conch1_5,ann,78,0.8296,0.8194,0.777,0.8363,0.4189,0.369529,0.330597,28,33,ok,ok,0.155502,0.891454,-0.0424,0.0169,0.0593
paip,Tissue_Type_Clustering,Conch1_5,knn,78,0.6111,0.6209,0.6209,0.6209,0.4213,0.093499,0.142857,35,35,ok,ok,0.0,0.571429,0.0,0.0,0.0
paip,Tissue_Type_Clustering,Conch1_5,proto,78,0.8171,0.7226,0.7047,0.7761,0.2712,0.502186,0.502395,23,21,ok,ok,0.496289,0.508291,-0.0179,0.0535,0.0714
paip,Tissue_Type_Clustering,Conch1_5,rf,78,0.8475,0.686,0.7694,0.7948,0.4867,0.112721,0.073021,15,38,ok,ok,0.040192,0.173203,0.0834,0.1088,0.0254
surgen,Tissue_Type_Clustering,Conch1_5,lin,622,0.5633,0.5078,0.5419,0.5723,0.2906,0.004348,0.218219,323,181,ok,ok,0.0,0.999998,0.0341,0.0645,0.0304
surgen,Tissue_Type_Clustering,Conch1_5,ann,622,0.6375,0.5526,0.5998,0.6356,0.4189,0.369529,0.469195,480,261,ok,ok,0.162193,0.880561,0.0472,0.083,0.0358
surgen,Tissue_Type_Clustering,Conch1_5,knn,622,0.5658,0.5453,0.5453,0.5453,0.4213,0.093499,0.142857,540,540,ok,ok,0.0,0.428571,0.0,0.0,0.0
surgen,Tissue_Type_Clustering,Conch1_5,proto,622,0.6137,0.5,0.5802,0.6259,0.2712,0.502186,0.494632,0,169,dead,ok,0.490874,0.498223,0.0802,0.1259,0.0457
surgen,Tissue_Type_Clustering,Conch1_5,rf,622,0.6509,0.6247,0.6086,0.6364,0.4867,0.112721,0.109313,233,303,ok,ok,0.077677,0.160299,-0.0161,0.0117,0.0278
paip,Tissue_Type_Clustering,ConchV1,lin,78,0.826,0.748,0.6851,0.7734,0.1356,0.192962,0.819088,20,11,ok,ok,0.0,0.999958,-0.0629,0.0254,0.0883
paip,Tissue_Type_Clustering,ConchV1,ann,78,0.8287,0.7913,0.7913,0.8185,0.2349,0.541986,0.558311,19,19,ok,ok,0.134249,0.979198,0.0,0.0272,0.0272
paip,Tissue_Type_Clustering,ConchV1,knn,78,0.7034,0.6829,0.6829,0.6829,0.2591,0.285714,0.333333,40,40,ok,ok,0.0,1.0,0.0,0.0,0.0
paip,Tissue_Type_Clustering,ConchV1,proto,78,0.8216,0.744,0.7591,0.7855,0.3971,0.499085,0.501048,41,31,ok,ok,0.492574,0.513214,0.0151,0.0415,0.0264
paip,Tissue_Type_Clustering,ConchV1,rf,78,0.8341,0.7021,0.7565,0.8118,0.2373,0.170812,0.13971,9,19,ok,ok,0.047124,0.251532,0.0544,0.1097,0.0553
surgen,Tissue_Type_Clustering,ConchV1,lin,622,0.6838,0.5074,0.5996,0.6567,0.1356,0.192962,4.4e-05,2,85,near_dead,ok,0.0,0.891295,0.0922,0.1493,0.0571
surgen,Tissue_Type_Clustering,ConchV1,ann,622,0.6901,0.5691,0.6376,0.6492,0.2349,0.541986,0.370276,26,146,ok,ok,0.132804,0.758298,0.0685,0.0801,0.0116
surgen,Tissue_Type_Clustering,ConchV1,knn,622,0.5069,0.4832,0.4917,0.5443,0.2591,0.285714,0.666667,589,310,ok,ok,0.0,1.0,0.0085,0.0611,0.0526
surgen,Tissue_Type_Clustering,ConchV1,proto,622,0.6428,0.5,0.6399,0.6426,0.3971,0.499085,0.493791,0,247,dead,ok,0.490492,0.49755,0.1399,0.1426,0.0027
surgen,Tissue_Type_Clustering,ConchV1,rf,622,0.6445,0.5,0.5712,0.6263,0.2373,0.170812,0.125469,0,148,dead,ok,0.085223,0.157533,0.0712,0.1263,0.0551
