method,model,k,metric,in_grid,tcga_oof_AUROC,tcga_oof_BalAcc,tcga_oof_BalAcc_best,selected
Averaging,UNI2,3,cosine,True,0.698,0.684,0.684,True
Averaging,UNI2,5,cosine,True,0.6936,0.6607,0.6607,False
Averaging,UNI2,10,cosine,True,0.7086,0.6431,0.6431,False
Averaging,UNI2,15,cosine,True,0.7221,0.6613,0.6613,False
Averaging,UNI2,25,cosine,False,0.7471,0.6831,0.6831,False
Averaging,UNI2,35,cosine,False,0.7571,0.717,0.717,False
Averaging,UNI2,50,cosine,False,0.7354,0.6953,0.6953,False
Averaging,H-Optimus-1,3,cosine,True,0.7593,0.74,0.74,True
Averaging,H-Optimus-1,5,cosine,True,0.806,0.7639,0.7639,False
Averaging,H-Optimus-1,10,cosine,True,0.7974,0.7161,0.7161,False
Averaging,H-Optimus-1,15,cosine,True,0.7965,0.7138,0.7138,False
Averaging,H-Optimus-1,25,cosine,False,0.8056,0.7663,0.7663,False
Averaging,H-Optimus-1,35,cosine,False,0.8102,0.7449,0.7449,False
Averaging,H-Optimus-1,50,cosine,False,0.8074,0.7477,0.7477,False
Averaging,Virchow2,3,cosine,True,0.6881,0.6744,0.6744,True
Averaging,Virchow2,5,cosine,True,0.6908,0.6492,0.6492,False
Averaging,Virchow2,10,cosine,True,0.7074,0.6547,0.6547,False
Averaging,Virchow2,15,cosine,True,0.7171,0.6633,0.6633,False
Averaging,Virchow2,25,cosine,False,0.7396,0.693,0.693,False
Averaging,Virchow2,35,cosine,False,0.7159,0.6991,0.6991,False
Averaging,Virchow2,50,cosine,False,0.6664,0.6411,0.6411,False
Averaging,Conch1_5,3,cosine,True,0.7193,0.695,0.695,False
Averaging,Conch1_5,5,cosine,True,0.7051,0.6589,0.6589,False
Averaging,Conch1_5,7,cosine,True,0.7154,0.6597,0.6597,True
Averaging,Conch1_5,10,cosine,True,0.7118,0.6506,0.6506,False
Averaging,Conch1_5,15,cosine,True,0.6854,0.6229,0.6229,False
Averaging,Conch1_5,25,cosine,False,0.6605,0.623,0.623,False
Averaging,Conch1_5,35,cosine,False,0.6491,0.6291,0.6291,False
Averaging,Conch1_5,50,cosine,False,0.5932,0.5895,0.5895,False
Averaging,ConchV1,3,cosine,True,0.6713,0.6562,0.6562,True
Averaging,ConchV1,5,cosine,True,0.6638,0.6357,0.6357,False
Averaging,ConchV1,10,cosine,True,0.694,0.6617,0.6617,False
Averaging,ConchV1,15,cosine,True,0.7097,0.6604,0.6604,False
Averaging,ConchV1,25,cosine,False,0.706,0.664,0.664,False
Averaging,ConchV1,35,cosine,False,0.703,0.6701,0.6701,False
Averaging,ConchV1,50,cosine,False,0.661,0.6218,0.6218,False
Caption_based_aggregation,UNI2,3,manhattan,True,0.7173,0.7018,0.7018,True
Caption_based_aggregation,UNI2,5,manhattan,True,0.7419,0.6965,0.6965,False
Caption_based_aggregation,UNI2,10,manhattan,True,0.7386,0.6683,0.6683,False
Caption_based_aggregation,UNI2,15,manhattan,True,0.7521,0.6884,0.6884,False
Caption_based_aggregation,UNI2,25,manhattan,False,0.7534,0.7,0.7,False
Caption_based_aggregation,UNI2,35,manhattan,False,0.7523,0.7005,0.7005,False
Caption_based_aggregation,UNI2,50,manhattan,False,0.7328,0.6777,0.6777,False
Caption_based_aggregation,H-Optimus-1,3,cosine,True,0.7704,0.7592,0.7592,True
Caption_based_aggregation,H-Optimus-1,5,cosine,True,0.8181,0.7649,0.7649,False
Caption_based_aggregation,H-Optimus-1,10,cosine,True,0.8315,0.7433,0.7433,False
Caption_based_aggregation,H-Optimus-1,15,cosine,True,0.8315,0.7843,0.7843,False
Caption_based_aggregation,H-Optimus-1,25,cosine,False,0.8126,0.7431,0.7431,False
Caption_based_aggregation,H-Optimus-1,35,cosine,False,0.8253,0.7873,0.7873,False
Caption_based_aggregation,H-Optimus-1,50,cosine,False,0.8068,0.7342,0.7342,False
Caption_based_aggregation,Virchow2,3,cosine,True,0.6994,0.6681,0.6681,True
Caption_based_aggregation,Virchow2,5,cosine,True,0.7038,0.6696,0.6696,False
Caption_based_aggregation,Virchow2,10,cosine,True,0.7598,0.6914,0.6914,False
Caption_based_aggregation,Virchow2,15,cosine,True,0.7749,0.7014,0.7014,False
Caption_based_aggregation,Virchow2,25,cosine,False,0.7458,0.6894,0.6894,False
Caption_based_aggregation,Virchow2,35,cosine,False,0.7477,0.6965,0.6965,False
Caption_based_aggregation,Virchow2,50,cosine,False,0.7271,0.6746,0.6746,False
Caption_based_aggregation,Conch1_5,3,manhattan,True,0.6117,0.5942,0.5942,True
Caption_based_aggregation,Conch1_5,5,manhattan,True,0.6676,0.6237,0.6237,False
Caption_based_aggregation,Conch1_5,10,manhattan,True,0.7064,0.6313,0.6313,False
Caption_based_aggregation,Conch1_5,15,manhattan,True,0.706,0.6373,0.6373,False
Caption_based_aggregation,Conch1_5,25,manhattan,False,0.7047,0.6573,0.6573,False
Caption_based_aggregation,Conch1_5,35,manhattan,False,0.694,0.6634,0.6634,False
Caption_based_aggregation,Conch1_5,50,manhattan,False,0.7262,0.6629,0.6629,False
Caption_based_aggregation,ConchV1,3,manhattan,True,0.6916,0.6757,0.6757,True
Caption_based_aggregation,ConchV1,5,manhattan,True,0.7092,0.666,0.666,False
Caption_based_aggregation,ConchV1,10,manhattan,True,0.7512,0.6738,0.6738,False
Caption_based_aggregation,ConchV1,15,manhattan,True,0.7453,0.6839,0.6839,False
Caption_based_aggregation,ConchV1,25,manhattan,False,0.7145,0.647,0.647,False
Caption_based_aggregation,ConchV1,35,manhattan,False,0.7177,0.6849,0.6849,False
Caption_based_aggregation,ConchV1,50,manhattan,False,0.6967,0.6343,0.6343,False
Caption_based_aggregation_15_classes,UNI2,3,cosine,True,0.6943,0.6796,0.6796,True
Caption_based_aggregation_15_classes,UNI2,5,cosine,True,0.7315,0.7063,0.7063,False
Caption_based_aggregation_15_classes,UNI2,10,cosine,True,0.7466,0.6739,0.6739,False
Caption_based_aggregation_15_classes,UNI2,15,cosine,True,0.7517,0.6863,0.6863,False
Caption_based_aggregation_15_classes,UNI2,25,cosine,False,0.7686,0.6988,0.6988,False
Caption_based_aggregation_15_classes,UNI2,35,cosine,False,0.7512,0.6881,0.6881,False
Caption_based_aggregation_15_classes,UNI2,50,cosine,False,0.7508,0.679,0.679,False
Caption_based_aggregation_15_classes,H-Optimus-1,3,manhattan,True,0.7492,0.7329,0.7329,True
Caption_based_aggregation_15_classes,H-Optimus-1,5,manhattan,True,0.798,0.7538,0.7538,False
Caption_based_aggregation_15_classes,H-Optimus-1,10,manhattan,True,0.8095,0.7197,0.7197,False
Caption_based_aggregation_15_classes,H-Optimus-1,15,manhattan,True,0.8097,0.7267,0.7267,False
Caption_based_aggregation_15_classes,H-Optimus-1,25,manhattan,False,0.807,0.7335,0.7335,False
Caption_based_aggregation_15_classes,H-Optimus-1,35,manhattan,False,0.8311,0.7957,0.7957,False
Caption_based_aggregation_15_classes,H-Optimus-1,50,manhattan,False,0.8251,0.7801,0.7801,False
Caption_based_aggregation_15_classes,Virchow2,3,cosine,True,0.6815,0.6614,0.6614,True
Caption_based_aggregation_15_classes,Virchow2,5,cosine,True,0.7221,0.6671,0.6671,False
Caption_based_aggregation_15_classes,Virchow2,10,cosine,True,0.747,0.683,0.683,False
Caption_based_aggregation_15_classes,Virchow2,15,cosine,True,0.7652,0.6961,0.6961,False
Caption_based_aggregation_15_classes,Virchow2,25,cosine,False,0.7513,0.6978,0.6978,False
Caption_based_aggregation_15_classes,Virchow2,35,cosine,False,0.7278,0.6779,0.6779,False
Caption_based_aggregation_15_classes,Virchow2,50,cosine,False,0.7068,0.6663,0.6663,False
Caption_based_aggregation_15_classes,Conch1_5,3,manhattan,True,0.6213,0.6032,0.6032,True
Caption_based_aggregation_15_classes,Conch1_5,5,manhattan,True,0.6328,0.6033,0.6033,False
Caption_based_aggregation_15_classes,Conch1_5,10,manhattan,True,0.6664,0.6231,0.6231,False
Caption_based_aggregation_15_classes,Conch1_5,15,manhattan,True,0.6783,0.65,0.65,False
Caption_based_aggregation_15_classes,Conch1_5,25,manhattan,False,0.6805,0.632,0.632,False
Caption_based_aggregation_15_classes,Conch1_5,35,manhattan,False,0.6865,0.6436,0.6436,False
Caption_based_aggregation_15_classes,Conch1_5,50,manhattan,False,0.716,0.6559,0.6559,False
Caption_based_aggregation_15_classes,ConchV1,3,manhattan,True,0.6491,0.6409,0.6409,True
Caption_based_aggregation_15_classes,ConchV1,5,manhattan,True,0.6597,0.6366,0.6366,False
Caption_based_aggregation_15_classes,ConchV1,10,manhattan,True,0.6855,0.6428,0.6428,False
Caption_based_aggregation_15_classes,ConchV1,15,manhattan,True,0.7232,0.6752,0.6752,False
Caption_based_aggregation_15_classes,ConchV1,25,manhattan,False,0.6869,0.6549,0.6549,False
Caption_based_aggregation_15_classes,ConchV1,35,manhattan,False,0.7037,0.6472,0.6472,False
Caption_based_aggregation_15_classes,ConchV1,50,manhattan,False,0.6924,0.6356,0.6356,False
Tissue_Type_Clustering,UNI2,3,cosine,True,0.6599,0.6488,0.6488,True
Tissue_Type_Clustering,UNI2,5,cosine,True,0.6913,0.6588,0.6588,False
Tissue_Type_Clustering,UNI2,10,cosine,True,0.7124,0.65,0.65,False
Tissue_Type_Clustering,UNI2,15,cosine,True,0.7312,0.6608,0.6608,False
Tissue_Type_Clustering,UNI2,25,cosine,False,0.7349,0.6604,0.6604,False
Tissue_Type_Clustering,UNI2,35,cosine,False,0.7367,0.686,0.686,False
Tissue_Type_Clustering,UNI2,50,cosine,False,0.7124,0.6837,0.6837,False
Tissue_Type_Clustering,H-Optimus-1,3,cosine,True,0.7007,0.6941,0.6941,True
Tissue_Type_Clustering,H-Optimus-1,5,cosine,True,0.705,0.6704,0.6704,False
Tissue_Type_Clustering,H-Optimus-1,10,cosine,True,0.7342,0.6755,0.6755,False
Tissue_Type_Clustering,H-Optimus-1,15,cosine,True,0.7792,0.715,0.715,False
Tissue_Type_Clustering,H-Optimus-1,25,cosine,False,0.7978,0.7365,0.7365,False
Tissue_Type_Clustering,H-Optimus-1,35,cosine,False,0.7789,0.7471,0.7471,False
Tissue_Type_Clustering,H-Optimus-1,50,cosine,False,0.8088,0.7549,0.7549,False
Tissue_Type_Clustering,Virchow2,3,manhattan,True,0.732,0.7153,0.7153,False
Tissue_Type_Clustering,Virchow2,5,manhattan,True,0.767,0.7042,0.7042,True
Tissue_Type_Clustering,Virchow2,10,manhattan,True,0.7849,0.7121,0.7121,False
Tissue_Type_Clustering,Virchow2,15,manhattan,True,0.741,0.6899,0.6899,False
Tissue_Type_Clustering,Virchow2,25,manhattan,False,0.7442,0.6972,0.6972,False
Tissue_Type_Clustering,Virchow2,35,manhattan,False,0.7642,0.7184,0.7184,False
Tissue_Type_Clustering,Virchow2,50,manhattan,False,0.7574,0.6899,0.6899,False
Tissue_Type_Clustering,Conch1_5,3,cosine,True,0.6737,0.6562,0.6562,False
Tissue_Type_Clustering,Conch1_5,5,cosine,True,0.6868,0.6534,0.6534,False
Tissue_Type_Clustering,Conch1_5,7,cosine,True,0.6664,0.6202,0.6202,True
Tissue_Type_Clustering,Conch1_5,10,cosine,True,0.6996,0.6368,0.6368,False
Tissue_Type_Clustering,Conch1_5,15,cosine,True,0.7133,0.6445,0.6445,False
Tissue_Type_Clustering,Conch1_5,25,cosine,False,0.7471,0.6935,0.6935,False
Tissue_Type_Clustering,Conch1_5,35,cosine,False,0.7248,0.6787,0.6787,False
Tissue_Type_Clustering,Conch1_5,50,cosine,False,0.6966,0.6583,0.6583,False
Tissue_Type_Clustering,ConchV1,3,cosine,True,0.6966,0.6785,0.6785,True
Tissue_Type_Clustering,ConchV1,5,cosine,True,0.719,0.6899,0.6899,False
Tissue_Type_Clustering,ConchV1,10,cosine,True,0.705,0.6681,0.6681,False
Tissue_Type_Clustering,ConchV1,15,cosine,True,0.7316,0.6796,0.6796,False
Tissue_Type_Clustering,ConchV1,25,cosine,False,0.7261,0.672,0.672,False
Tissue_Type_Clustering,ConchV1,35,cosine,False,0.7093,0.6659,0.6659,False
Tissue_Type_Clustering,ConchV1,50,cosine,False,0.7339,0.681,0.681,False
