cohort,method,model,k,metric,fitted_weights,n,AUROC_uniform,n_unique_uniform,BalAccbest_uniform,n_zero_uniform,AUROC_distance,n_unique_distance,BalAccbest_distance,n_zero_distance,dAUROC
paip,Averaging,UNI2,3,cosine,uniform,78,0.5,1,0.5,78,0.5,1,0.5,78,0.0
surgen,Averaging,UNI2,3,cosine,uniform,622,0.6439,4,0.6412,252,0.6704,366,0.6578,252,0.0265
paip,Averaging,H-Optimus-1,3,cosine,uniform,78,0.5535,2,0.5535,72,0.5531,7,0.5535,72,-0.0004
surgen,Averaging,H-Optimus-1,3,cosine,uniform,613,0.547,4,0.543,282,0.5447,331,0.5528,282,-0.0023
paip,Averaging,Virchow2,3,cosine,uniform,78,0.5656,4,0.5589,48,0.5798,31,0.6012,48,0.0142
surgen,Averaging,Virchow2,3,cosine,uniform,622,0.5291,3,0.5355,270,0.536,353,0.5521,270,0.0069
paip,Averaging,Conch1_5,7,cosine,uniform,78,0.6311,5,0.5816,12,0.6115,67,0.6178,12,-0.0196
surgen,Averaging,Conch1_5,7,cosine,uniform,622,0.5807,5,0.565,54,0.5803,569,0.5774,54,-0.0004
paip,Averaging,ConchV1,3,cosine,uniform,78,0.616,4,0.6079,62,0.612,17,0.6079,62,-0.004
surgen,Averaging,ConchV1,3,cosine,uniform,622,0.4842,4,0.5079,57,0.4919,552,0.5284,57,0.0077
paip,Caption_based_aggregation,UNI2,3,manhattan,uniform,78,0.5705,2,0.5705,74,0.57,5,0.5705,74,-0.0005
surgen,Caption_based_aggregation,UNI2,3,manhattan,uniform,622,0.7148,4,0.6808,338,0.7232,267,0.6966,338,0.0084
paip,Caption_based_aggregation,H-Optimus-1,3,cosine,uniform,78,0.5883,2,0.5883,72,0.5874,7,0.5883,72,-0.0009
surgen,Caption_based_aggregation,H-Optimus-1,3,cosine,uniform,622,0.6129,4,0.6064,358,0.6282,265,0.6323,358,0.0153
paip,Caption_based_aggregation,Virchow2,3,cosine,uniform,78,0.7792,4,0.7431,41,0.7948,38,0.7939,41,0.0156
surgen,Caption_based_aggregation,Virchow2,3,cosine,uniform,622,0.5658,4,0.5555,176,0.5538,445,0.5644,176,-0.012
paip,Caption_based_aggregation,Conch1_5,3,manhattan,uniform,78,0.6329,3,0.6191,51,0.6512,28,0.653,51,0.0183
surgen,Caption_based_aggregation,Conch1_5,3,manhattan,uniform,622,0.6448,4,0.6175,329,0.6608,292,0.6474,329,0.016
paip,Caption_based_aggregation,ConchV1,3,manhattan,uniform,78,0.6628,4,0.6922,35,0.6677,41,0.7007,35,0.0049
surgen,Caption_based_aggregation,ConchV1,3,manhattan,uniform,622,0.5652,4,0.5733,23,0.5224,594,0.5751,23,-0.0428
paip,Caption_based_aggregation_15_classes,UNI2,3,cosine,uniform,78,0.5789,2,0.5789,75,0.5789,4,0.5789,75,0.0
surgen,Caption_based_aggregation_15_classes,UNI2,3,cosine,uniform,622,0.6984,4,0.6862,427,0.7025,192,0.6924,427,0.0041
paip,Caption_based_aggregation_15_classes,H-Optimus-1,3,manhattan,uniform,78,0.5285,3,0.5272,73,0.5281,6,0.5357,73,-0.0004
surgen,Caption_based_aggregation_15_classes,H-Optimus-1,3,manhattan,uniform,622,0.6413,3,0.6331,388,0.6315,235,0.6461,388,-0.0098
paip,Caption_based_aggregation_15_classes,Virchow2,3,cosine,uniform,78,0.6838,4,0.6503,45,0.6985,34,0.686,45,0.0147
surgen,Caption_based_aggregation_15_classes,Virchow2,3,cosine,uniform,622,0.55,3,0.5421,348,0.5348,275,0.5421,348,-0.0152
paip,Caption_based_aggregation_15_classes,Conch1_5,3,manhattan,uniform,78,0.6664,4,0.6454,50,0.6833,29,0.7047,50,0.0169
surgen,Caption_based_aggregation_15_classes,Conch1_5,3,manhattan,uniform,622,0.6819,4,0.6386,313,0.6719,308,0.6449,313,-0.01
paip,Caption_based_aggregation_15_classes,ConchV1,3,manhattan,uniform,78,0.6789,4,0.6334,40,0.7003,38,0.6887,40,0.0214
surgen,Caption_based_aggregation_15_classes,ConchV1,3,manhattan,uniform,622,0.5539,4,0.5512,43,0.5016,571,0.5569,43,-0.0523
paip,Tissue_Type_Clustering,UNI2,3,cosine,uniform,78,0.5263,2,0.5263,77,0.5263,2,0.5263,77,0.0
surgen,Tissue_Type_Clustering,UNI2,3,cosine,uniform,622,0.6534,4,0.6427,233,0.6673,388,0.6543,233,0.0139
paip,Tissue_Type_Clustering,H-Optimus-1,3,cosine,uniform,78,0.5455,3,0.545,71,0.5433,8,0.545,71,-0.0022
surgen,Tissue_Type_Clustering,H-Optimus-1,3,cosine,uniform,613,0.5018,3,0.502,513,0.5036,101,0.5182,513,0.0018
paip,Tissue_Type_Clustering,Virchow2,5,manhattan,uniform,78,0.5977,5,0.5946,15,0.5959,64,0.6209,15,-0.0018
surgen,Tissue_Type_Clustering,Virchow2,5,manhattan,uniform,622,0.5442,4,0.5408,77,0.5883,546,0.5873,77,0.0441
paip,Tissue_Type_Clustering,Conch1_5,7,cosine,uniform,78,0.6111,4,0.6209,43,0.6236,36,0.6717,43,0.0125
surgen,Tissue_Type_Clustering,Conch1_5,7,cosine,uniform,622,0.5658,4,0.5453,82,0.5882,541,0.59,82,0.0224
paip,Tissue_Type_Clustering,ConchV1,3,cosine,uniform,78,0.7034,4,0.6829,38,0.7422,41,0.7507,38,0.0388
surgen,Tissue_Type_Clustering,ConchV1,3,cosine,uniform,622,0.5069,4,0.5443,33,0.5141,565,0.5676,33,0.0072
