experiment,method,model,classifier,variant,seed,fold,threshold_label,threshold,bacc,auroc,acc,macro_f1,conf_matrix
SurGen-EV,Averaging,ConchV1,lin,tcga_full,42.0,,tau_TCGA,0.11623876509789514,0.5757413997627521,0.6142052194543298,0.8520900321543409,0.5757413997627521,"[[516, 46], [46, 14]]"
SurGen-EV,Averaging,ConchV1,lin,tcga_full,42.0,,0.5,0.5,0.5116548042704626,0.6142052194543298,0.8842443729903537,0.5075867528697717,"[[547, 15], [57, 3]]"
SurGen-EV,Averaging,ConchV1,lin,tcga_full,43.0,,tau_TCGA,0.11623876509789514,0.5757413997627521,0.6142052194543298,0.8520900321543409,0.5757413997627521,"[[516, 46], [46, 14]]"
SurGen-EV,Averaging,ConchV1,lin,tcga_full,43.0,,0.5,0.5,0.5116548042704626,0.6142052194543298,0.8842443729903537,0.5075867528697717,"[[547, 15], [57, 3]]"
SurGen-EV,Averaging,ConchV1,lin,tcga_full,44.0,,tau_TCGA,0.11623876509789514,0.5757413997627521,0.6142052194543298,0.8520900321543409,0.5757413997627521,"[[516, 46], [46, 14]]"
SurGen-EV,Averaging,ConchV1,lin,tcga_full,44.0,,0.5,0.5,0.5116548042704626,0.6142052194543298,0.8842443729903537,0.5075867528697717,"[[547, 15], [57, 3]]"
SurGen-EV,Averaging,ConchV1,lin,tcga_full,45.0,,tau_TCGA,0.11623876509789514,0.5757413997627521,0.6142052194543298,0.8520900321543409,0.5757413997627521,"[[516, 46], [46, 14]]"
SurGen-EV,Averaging,ConchV1,lin,tcga_full,45.0,,0.5,0.5,0.5116548042704626,0.6142052194543298,0.8842443729903537,0.5075867528697717,"[[547, 15], [57, 3]]"
SurGen-EV,Averaging,ConchV1,lin,tcga_full,46.0,,tau_TCGA,0.11623876509789514,0.5757413997627521,0.6142052194543298,0.8520900321543409,0.5757413997627521,"[[516, 46], [46, 14]]"
SurGen-EV,Averaging,ConchV1,lin,tcga_full,46.0,,0.5,0.5,0.5116548042704626,0.6142052194543298,0.8842443729903537,0.5075867528697717,"[[547, 15], [57, 3]]"
SurGen-EV,Averaging,ConchV1,lin,fold_ensemble,,,tau_TCGA,0.11623876509789514,0.6039145907473309,0.6260083036773428,0.7684887459807074,0.5565589353612168,"[[454, 108], [36, 24]]"
SurGen-EV,Averaging,ConchV1,lin,fold_ensemble,,,0.5,0.5,0.5,0.6260083036773428,0.9035369774919614,0.47466216216216217,"[[562, 0], [60, 0]]"
SurGen-EV,Averaging,ConchV1,lin,fold_average,,0.0,tau_TCGA,0.11623876509789514,0.5825622775800712,0.5614768683274021,0.729903536977492,0.5293990488543018,"[[430, 132], [36, 24]]"
SurGen-EV,Averaging,ConchV1,lin,fold_average,,0.0,0.5,0.5,0.5666073546856465,0.5614768683274021,0.8086816720257235,0.5515229364468653,"[[487, 75], [44, 16]]"
SurGen-EV,Averaging,ConchV1,lin,fold_average,,1.0,tau_TCGA,0.11623876509789514,0.5,0.5888493475682088,0.9035369774919614,0.47466216216216217,"[[562, 0], [60, 0]]"
SurGen-EV,Averaging,ConchV1,lin,fold_average,,1.0,0.5,0.5,0.5,0.5888493475682088,0.9035369774919614,0.47466216216216217,"[[562, 0], [60, 0]]"
SurGen-EV,Averaging,ConchV1,lin,fold_average,,2.0,tau_TCGA,0.11623876509789514,0.5967081850533807,0.6569395017793594,0.7958199356913184,0.5651905875877253,"[[474, 88], [39, 21]]"
SurGen-EV,Averaging,ConchV1,lin,fold_average,,2.0,0.5,0.5,0.5355278766310795,0.6569395017793594,0.860128617363344,0.5395454506777396,"[[527, 35], [52, 8]]"
SurGen-EV,Averaging,ConchV1,lin,fold_average,,3.0,tau_TCGA,0.11623876509789514,0.5,0.7180604982206406,0.9035369774919614,0.47466216216216217,"[[562, 0], [60, 0]]"
SurGen-EV,Averaging,ConchV1,lin,fold_average,,3.0,0.5,0.5,0.5,0.7180604982206406,0.9035369774919614,0.47466216216216217,"[[562, 0], [60, 0]]"
SurGen-EV,Averaging,ConchV1,ann,tcga_full,42.0,,tau_TCGA,0.4916245639324188,0.5162514827995255,0.5493475682087782,0.1527331189710611,0.15176623719410107,"[[37, 525], [2, 58]]"
SurGen-EV,Averaging,ConchV1,ann,tcga_full,42.0,,0.5,0.5,0.518920521945433,0.5493475682087782,0.15755627009646303,0.15685016556291392,"[[40, 522], [2, 58]]"
SurGen-EV,Averaging,ConchV1,ann,tcga_full,43.0,,tau_TCGA,0.4916245639324188,0.576779359430605,0.5908066429418743,0.5176848874598071,0.4299644415117856,"[[283, 279], [21, 39]]"
SurGen-EV,Averaging,ConchV1,ann,tcga_full,43.0,,0.5,0.5,0.5830071174377225,0.5908066429418743,0.5289389067524116,0.4373091517615929,"[[290, 272], [21, 39]]"
SurGen-EV,Averaging,ConchV1,ann,tcga_full,44.0,,tau_TCGA,0.4916245639324188,0.569246737841044,0.6105575326215896,0.5578778135048231,0.44850155567377603,"[[312, 250], [25, 35]]"
SurGen-EV,Averaging,ConchV1,ann,tcga_full,44.0,,0.5,0.5,0.5754744958481613,0.6105575326215896,0.5691318327974276,0.45564742610081377,"[[319, 243], [25, 35]]"
SurGen-EV,Averaging,ConchV1,ann,tcga_full,45.0,,tau_TCGA,0.4916245639324188,0.540717674970344,0.6077105575326216,0.3987138263665595,0.3549578527062999,"[[205, 357], [17, 43]]"
SurGen-EV,Averaging,ConchV1,ann,tcga_full,45.0,,0.5,0.5,0.5469454329774615,0.6077105575326216,0.409967845659164,0.3629379079768812,"[[212, 350], [17, 43]]"
SurGen-EV,Averaging,ConchV1,ann,tcga_full,46.0,,tau_TCGA,0.4916245639324188,0.501779359430605,0.5664887307236062,0.09967845659163987,0.09178139340842721,"[[2, 560], [0, 60]]"
SurGen-EV,Averaging,ConchV1,ann,tcga_full,46.0,,0.5,0.5,0.5044483985765125,0.5664887307236062,0.1045016077170418,0.09744463461844062,"[[5, 557], [0, 60]]"
SurGen-EV,Averaging,ConchV1,ann,fold_ensemble,,,tau_TCGA,0.4916245639324188,0.5106761565836299,0.5572953736654804,0.1157556270096463,0.11045816215091789,"[[12, 550], [0, 60]]"
SurGen-EV,Averaging,ConchV1,ann,fold_ensemble,,,0.5,0.5,0.5115658362989324,0.5572953736654804,0.11736334405144695,0.11229479430688243,"[[13, 549], [0, 60]]"
SurGen-EV,Averaging,ConchV1,ann,fold_average,,0.0,tau_TCGA,0.4916245639324188,0.5183570581257414,0.5460557532621589,0.14308681672025725,0.14122001953150298,"[[30, 532], [1, 59]]"
SurGen-EV,Averaging,ConchV1,ann,fold_average,,0.0,0.5,0.5,0.5183570581257414,0.5460557532621589,0.14308681672025725,0.14122001953150298,"[[30, 532], [1, 59]]"
SurGen-EV,Averaging,ConchV1,ann,fold_average,,1.0,tau_TCGA,0.4916245639324188,0.5080664294187426,0.5174080664294187,0.21864951768488747,0.21657596019281605,"[[84, 478], [8, 52]]"
SurGen-EV,Averaging,ConchV1,ann,fold_average,,1.0,0.5,0.5,0.5015124555160142,0.5174080664294187,0.2202572347266881,0.21778047446059862,"[[86, 476], [9, 51]]"
SurGen-EV,Averaging,ConchV1,ann,fold_average,,2.0,tau_TCGA,0.4916245639324188,0.5147093712930012,0.6140272835112693,0.17684887459807075,0.17684036393713815,"[[54, 508], [4, 56]]"
SurGen-EV,Averaging,ConchV1,ann,fold_average,,2.0,0.5,0.5,0.5108244365361803,0.6140272835112693,0.1832797427652733,0.18324596503200058,"[[59, 503], [5, 55]]"
SurGen-EV,Averaging,ConchV1,ann,fold_average,,3.0,tau_TCGA,0.4916245639324188,0.50355871886121,0.537129300118624,0.10289389067524116,0.09556271303042621,"[[4, 558], [0, 60]]"
SurGen-EV,Averaging,ConchV1,ann,fold_average,,3.0,0.5,0.5,0.50355871886121,0.537129300118624,0.10289389067524116,0.09556271303042621,"[[4, 558], [0, 60]]"
SurGen-EV,Averaging,ConchV1,knn,tcga_full,42.0,,tau_TCGA,0.2890175667758544,0.49537366548042705,0.48417852906287073,0.16881028938906753,0.16879095315024234,"[[51, 511], [6, 54]]"
SurGen-EV,Averaging,ConchV1,knn,tcga_full,42.0,,0.5,0.5,0.4786476868327402,0.48417852906287073,0.46141479099678456,0.3786584365821294,"[[257, 305], [30, 30]]"
SurGen-EV,Averaging,ConchV1,knn,tcga_full,43.0,,tau_TCGA,0.2890175667758544,0.49537366548042705,0.48417852906287073,0.16881028938906753,0.16879095315024234,"[[51, 511], [6, 54]]"
SurGen-EV,Averaging,ConchV1,knn,tcga_full,43.0,,0.5,0.5,0.4786476868327402,0.48417852906287073,0.46141479099678456,0.3786584365821294,"[[257, 305], [30, 30]]"
SurGen-EV,Averaging,ConchV1,knn,tcga_full,44.0,,tau_TCGA,0.2890175667758544,0.49537366548042705,0.48417852906287073,0.16881028938906753,0.16879095315024234,"[[51, 511], [6, 54]]"
SurGen-EV,Averaging,ConchV1,knn,tcga_full,44.0,,0.5,0.5,0.4786476868327402,0.48417852906287073,0.46141479099678456,0.3786584365821294,"[[257, 305], [30, 30]]"
SurGen-EV,Averaging,ConchV1,knn,tcga_full,45.0,,tau_TCGA,0.2890175667758544,0.49537366548042705,0.48417852906287073,0.16881028938906753,0.16879095315024234,"[[51, 511], [6, 54]]"
SurGen-EV,Averaging,ConchV1,knn,tcga_full,45.0,,0.5,0.5,0.4786476868327402,0.48417852906287073,0.46141479099678456,0.3786584365821294,"[[257, 305], [30, 30]]"
SurGen-EV,Averaging,ConchV1,knn,tcga_full,46.0,,tau_TCGA,0.2890175667758544,0.49537366548042705,0.48417852906287073,0.16881028938906753,0.16879095315024234,"[[51, 511], [6, 54]]"
SurGen-EV,Averaging,ConchV1,knn,tcga_full,46.0,,0.5,0.5,0.4786476868327402,0.48417852906287073,0.46141479099678456,0.3786584365821294,"[[257, 305], [30, 30]]"
SurGen-EV,Averaging,ConchV1,knn,fold_ensemble,,,tau_TCGA,0.2890175667758544,0.5201957295373665,0.5122627520759193,0.2540192926045016,0.2479231162116806,"[[107, 455], [9, 51]]"
SurGen-EV,Averaging,ConchV1,knn,fold_ensemble,,,0.5,0.5,0.49134045077105576,0.5122627520759193,0.5112540192926045,0.4058320764203117,"[[290, 272], [32, 28]]"
SurGen-EV,Averaging,ConchV1,knn,fold_average,,0.0,tau_TCGA,0.2890175667758544,0.487129300118624,0.4501186239620404,0.1270096463022508,0.1245454191993157,"[[23, 539], [4, 56]]"
SurGen-EV,Averaging,ConchV1,knn,fold_average,,0.0,0.5,0.5,0.44137010676156585,0.4501186239620404,0.3536977491961415,0.3114922019561195,"[[187, 375], [27, 33]]"
SurGen-EV,Averaging,ConchV1,knn,fold_average,,1.0,tau_TCGA,0.2890175667758544,0.504270462633452,0.5446619217081851,0.18488745980707397,0.1847842103222304,"[[61, 501], [6, 54]]"
SurGen-EV,Averaging,ConchV1,knn,fold_average,,1.0,0.5,0.5,0.5461447212336892,0.5446619217081851,0.7717041800643086,0.5255988828015898,"[[464, 98], [44, 16]]"
SurGen-EV,Averaging,ConchV1,knn,fold_average,,2.0,tau_TCGA,0.2890175667758544,0.5036180308422301,0.5509193357058125,0.21061093247588425,0.2091206898784167,"[[79, 483], [8, 52]]"
SurGen-EV,Averaging,ConchV1,knn,fold_average,,2.0,0.5,0.5,0.5482502965599051,0.5509193357058125,0.7620578778135049,0.5237267440657272,"[[457, 105], [43, 17]]"
SurGen-EV,Averaging,ConchV1,knn,fold_average,,3.0,tau_TCGA,0.2890175667758544,0.4900355871886121,0.4800563463819692,0.15916398713826366,0.158987908573615,"[[45, 517], [6, 54]]"
SurGen-EV,Averaging,ConchV1,knn,fold_average,,3.0,0.5,0.5,0.47686832740213525,0.4800563463819692,0.45819935691318325,0.3766293244195694,"[[255, 307], [30, 30]]"
SurGen-EV,Averaging,ConchV1,proto,tcga_full,42.0,,tau_TCGA,0.5033281445503235,0.5,0.690361803084223,0.9035369774919614,0.47466216216216217,"[[562, 0], [60, 0]]"
SurGen-EV,Averaging,ConchV1,proto,tcga_full,42.0,,0.5,0.5,0.5113285883748517,0.690361803084223,0.8971061093247589,0.5022008803521408,"[[556, 6], [58, 2]]"
SurGen-EV,Averaging,ConchV1,proto,tcga_full,43.0,,tau_TCGA,0.5033281445503235,0.5,0.690361803084223,0.9035369774919614,0.47466216216216217,"[[562, 0], [60, 0]]"
SurGen-EV,Averaging,ConchV1,proto,tcga_full,43.0,,0.5,0.5,0.5113285883748517,0.690361803084223,0.8971061093247589,0.5022008803521408,"[[556, 6], [58, 2]]"
SurGen-EV,Averaging,ConchV1,proto,tcga_full,44.0,,tau_TCGA,0.5033281445503235,0.5,0.690361803084223,0.9035369774919614,0.47466216216216217,"[[562, 0], [60, 0]]"
SurGen-EV,Averaging,ConchV1,proto,tcga_full,44.0,,0.5,0.5,0.5113285883748517,0.690361803084223,0.8971061093247589,0.5022008803521408,"[[556, 6], [58, 2]]"
SurGen-EV,Averaging,ConchV1,proto,tcga_full,45.0,,tau_TCGA,0.5033281445503235,0.5,0.690361803084223,0.9035369774919614,0.47466216216216217,"[[562, 0], [60, 0]]"
SurGen-EV,Averaging,ConchV1,proto,tcga_full,45.0,,0.5,0.5,0.5113285883748517,0.690361803084223,0.8971061093247589,0.5022008803521408,"[[556, 6], [58, 2]]"
SurGen-EV,Averaging,ConchV1,proto,tcga_full,46.0,,tau_TCGA,0.5033281445503235,0.5,0.690361803084223,0.9035369774919614,0.47466216216216217,"[[562, 0], [60, 0]]"
SurGen-EV,Averaging,ConchV1,proto,tcga_full,46.0,,0.5,0.5,0.5113285883748517,0.690361803084223,0.8971061093247589,0.5022008803521408,"[[556, 6], [58, 2]]"
SurGen-EV,Averaging,ConchV1,proto,fold_ensemble,,,tau_TCGA,0.5033281445503235,0.5,0.6887900355871885,0.9035369774919614,0.47466216216216217,"[[562, 0], [60, 0]]"
SurGen-EV,Averaging,ConchV1,proto,fold_ensemble,,,0.5,0.5,0.5038849347568208,0.6887900355871885,0.8971061093247589,0.487986829243196,"[[557, 5], [59, 1]]"
SurGen-EV,Averaging,ConchV1,proto,fold_average,,0.0,tau_TCGA,0.5033281445503235,0.5,0.6887900355871887,0.9035369774919614,0.47466216216216217,"[[562, 0], [60, 0]]"
SurGen-EV,Averaging,ConchV1,proto,fold_average,,0.0,0.5,0.5,0.5676453143534994,0.6887900355871887,0.8778135048231511,0.5790860846956584,"[[535, 27], [49, 11]]"
SurGen-EV,Averaging,ConchV1,proto,fold_average,,1.0,tau_TCGA,0.5033281445503235,0.5,0.684608540925267,0.9035369774919614,0.47466216216216217,"[[562, 0], [60, 0]]"
SurGen-EV,Averaging,ConchV1,proto,fold_average,,1.0,0.5,0.5,0.5,0.684608540925267,0.9035369774919614,0.47466216216216217,"[[562, 0], [60, 0]]"
SurGen-EV,Averaging,ConchV1,proto,fold_average,,2.0,tau_TCGA,0.5033281445503235,0.5029952550415184,0.6686091340450772,0.8954983922829582,0.48731279879278205,"[[556, 6], [59, 1]]"
SurGen-EV,Averaging,ConchV1,proto,fold_average,,2.0,0.5,0.5,0.6181494661921708,0.6686091340450772,0.7942122186495176,0.5764385427306775,"[[470, 92], [36, 24]]"
SurGen-EV,Averaging,ConchV1,proto,fold_average,,3.0,tau_TCGA,0.5033281445503235,0.4973309608540925,0.6853202846975089,0.8987138263665595,0.47332768839966133,"[[559, 3], [60, 0]]"
SurGen-EV,Averaging,ConchV1,proto,fold_average,,3.0,0.5,0.5,0.5748517200474496,0.6853202846975089,0.8504823151125402,0.5742955336576319,"[[515, 47], [46, 14]]"
SurGen-EV,Averaging,ConchV1,rf,tcga_full,42.0,,tau_TCGA,0.14422873001925882,0.5126037959667853,0.4924377224199289,0.590032154340836,0.4461844655109202,"[[342, 220], [35, 25]]"
SurGen-EV,Averaging,ConchV1,rf,tcga_full,42.0,,0.5,0.5,0.5,0.4924377224199289,0.9035369774919614,0.47466216216216217,"[[562, 0], [60, 0]]"
SurGen-EV,Averaging,ConchV1,rf,tcga_full,42.0,,rf_legacy_0.3,0.3,0.5,0.4924377224199289,0.9035369774919614,0.47466216216216217,"[[562, 0], [60, 0]]"
SurGen-EV,Averaging,ConchV1,rf,tcga_full,43.0,,tau_TCGA,0.14422873001925882,0.5062574139976275,0.5215599051008304,0.3633440514469453,0.3272884188907218,"[[185, 377], [19, 41]]"
SurGen-EV,Averaging,ConchV1,rf,tcga_full,43.0,,0.5,0.5,0.5,0.5215599051008304,0.9035369774919614,0.47466216216216217,"[[562, 0], [60, 0]]"
SurGen-EV,Averaging,ConchV1,rf,tcga_full,43.0,,rf_legacy_0.3,0.3,0.5,0.5215599051008304,0.9035369774919614,0.47466216216216217,"[[562, 0], [60, 0]]"
SurGen-EV,Averaging,ConchV1,rf,tcga_full,44.0,,tau_TCGA,0.14422873001925882,0.5535290628706999,0.6079774614472124,0.2604501607717042,0.2552449372689885,"[[107, 455], [5, 55]]"
SurGen-EV,Averaging,ConchV1,rf,tcga_full,44.0,,0.5,0.5,0.5,0.6079774614472124,0.9035369774919614,0.47466216216216217,"[[562, 0], [60, 0]]"
SurGen-EV,Averaging,ConchV1,rf,tcga_full,44.0,,rf_legacy_0.3,0.3,0.5,0.6079774614472124,0.9035369774919614,0.47466216216216217,"[[562, 0], [60, 0]]"
SurGen-EV,Averaging,ConchV1,rf,tcga_full,45.0,,tau_TCGA,0.14422873001925882,0.4893534994068802,0.5388790035587189,0.3327974276527331,0.3047171920411357,"[[166, 396], [19, 41]]"
SurGen-EV,Averaging,ConchV1,rf,tcga_full,45.0,,0.5,0.5,0.5,0.5388790035587189,0.9035369774919614,0.47466216216216217,"[[562, 0], [60, 0]]"
SurGen-EV,Averaging,ConchV1,rf,tcga_full,45.0,,rf_legacy_0.3,0.3,0.5,0.5388790035587189,0.9035369774919614,0.47466216216216217,"[[562, 0], [60, 0]]"
SurGen-EV,Averaging,ConchV1,rf,tcga_full,46.0,,tau_TCGA,0.14422873001925882,0.5125741399762752,0.5087188612099645,0.7379421221864951,0.49590051858812767,"[[445, 117], [46, 14]]"
SurGen-EV,Averaging,ConchV1,rf,tcga_full,46.0,,0.5,0.5,0.5,0.5087188612099645,0.9035369774919614,0.47466216216216217,"[[562, 0], [60, 0]]"
SurGen-EV,Averaging,ConchV1,rf,tcga_full,46.0,,rf_legacy_0.3,0.3,0.5,0.5087188612099645,0.9035369774919614,0.47466216216216217,"[[562, 0], [60, 0]]"
SurGen-EV,Averaging,ConchV1,rf,fold_ensemble,,,tau_TCGA,0.14422873001925882,0.5818801897983392,0.6243475682087782,0.5,0.4215994952802122,"[[270, 292], [19, 41]]"
SurGen-EV,Averaging,ConchV1,rf,fold_ensemble,,,0.5,0.5,0.5,0.6243475682087782,0.9035369774919614,0.47466216216216217,"[[562, 0], [60, 0]]"
SurGen-EV,Averaging,ConchV1,rf,fold_ensemble,,,rf_legacy_0.3,0.3,0.5,0.6243475682087782,0.9035369774919614,0.47466216216216217,"[[562, 0], [60, 0]]"
SurGen-EV,Averaging,ConchV1,rf,fold_average,,0.0,tau_TCGA,0.14422873001925882,0.5126927639383155,0.6239620403321471,0.14630225080385853,0.1449208950471057,"[[33, 529], [2, 58]]"
SurGen-EV,Averaging,ConchV1,rf,fold_average,,0.0,0.5,0.5,0.5,0.6239620403321471,0.9035369774919614,0.47466216216216217,"[[562, 0], [60, 0]]"
SurGen-EV,Averaging,ConchV1,rf,fold_average,,0.0,rf_legacy_0.3,0.3,0.5,0.6239620403321471,0.9035369774919614,0.47466216216216217,"[[562, 0], [60, 0]]"
SurGen-EV,Averaging,ConchV1,rf,fold_average,,1.0,tau_TCGA,0.14422873001925882,0.5319098457888494,0.5163997627520759,0.342443729903537,0.31658083563693606,"[[167, 395], [14, 46]]"
SurGen-EV,Averaging,ConchV1,rf,fold_average,,1.0,0.5,0.5,0.5,0.5163997627520759,0.9035369774919614,0.47466216216216217,"[[562, 0], [60, 0]]"
SurGen-EV,Averaging,ConchV1,rf,fold_average,,1.0,rf_legacy_0.3,0.3,0.5,0.5163997627520759,0.9035369774919614,0.47466216216216217,"[[562, 0], [60, 0]]"
SurGen-EV,Averaging,ConchV1,rf,fold_average,,2.0,tau_TCGA,0.14422873001925882,0.5813463819691578,0.5969454329774615,0.7411575562700965,0.5334833386906674,"[[438, 124], [37, 23]]"
SurGen-EV,Averaging,ConchV1,rf,fold_average,,2.0,0.5,0.5,0.5,0.5969454329774615,0.9035369774919614,0.47466216216216217,"[[562, 0], [60, 0]]"
SurGen-EV,Averaging,ConchV1,rf,fold_average,,2.0,rf_legacy_0.3,0.3,0.5,0.5969454329774615,0.9035369774919614,0.47466216216216217,"[[562, 0], [60, 0]]"
SurGen-EV,Averaging,ConchV1,rf,fold_average,,3.0,tau_TCGA,0.14422873001925882,0.5332740213523132,0.6119217081850534,0.8022508038585209,0.5255706658233029,"[[487, 75], [48, 12]]"
SurGen-EV,Averaging,ConchV1,rf,fold_average,,3.0,0.5,0.5,0.5,0.6119217081850534,0.9035369774919614,0.47466216216216217,"[[562, 0], [60, 0]]"
SurGen-EV,Averaging,ConchV1,rf,fold_average,,3.0,rf_legacy_0.3,0.3,0.5,0.6119217081850534,0.9035369774919614,0.47466216216216217,"[[562, 0], [60, 0]]"
